Event.ID,Disease,Serotype,Region,Subregion,Country,Admin.level.1,Locality,Latitude,Longitude,Diagnosis.source,Diagnosis.status,Animal.type,Species,Observation.date..dd.mm.yyyy.,Report.date..dd.mm.yyyy.,Humans.affected,Human.deaths
327097,Influenza - Avian,H5N1 HPAI,Europe,Western Europe,France,Basse-Normandie,OUISTREHAM,49.273099,-0.257858,WOAH (former OIE),Confirmed,Domestic,Chicken,29/06/2022,15/07/2022,,
322838,Influenza - Avian,H5N1 HPAI,Europe,Western Europe,France,Aquitaine,SAINT-ASTIER,44.726756,0.257752,WOAH (former OIE),Confirmed,Domestic,Duck,15/05/2022,24/05/2022,,
322837,Influenza - Avian,H5N1 HPAI,Europe,Western Europe,France,Poitou-Charentes,LAPRADE,45.269354,0.182913,WOAH (former OIE),Confirmed,Domestic,Duck,14/05/2022,24/05/2022,,
322833,Influenza - Avian,H5N1 HPAI,Europe,Western Europe,France,Aquitaine,PARRANQUET,44.658345,0.820177,WOAH (former OIE),Confirmed,Domestic,Duck,10/05/2022,24/05/2022,,
322842,Influenza - Avian,H5N1 HPAI,Europe,Western Europe,France,Aquitaine,ROUMAGNE,44.609873,0.345514,WOAH (former OIE),Confirmed,Domestic,Chicken,07/05/2022,24/05/2022,,
322840,Influenza - Avian,H5N1 HPAI,Europe,Western Europe,France,Poitou-Charentes,CHAPELLE-SAINT-LAURENT,46.713722,-0.497662,WOAH (former OIE),Confirmed,Domestic,Duck,25/04/2022,24/05/2022,,
324603,Influenza - Avian,H5N1 HPAI,Europe,Western Europe,France,Aquitaine,DORNAC,45.067669,1.321885,WOAH (former OIE),Confirmed,Domestic,Goose,19/04/2022,12/06/2022,,
324601,Influenza - Avian,H5N1 HPAI,Europe,Western Europe,France,Aquitaine,LACROPTE,45.064989,0.821693,WOAH (former OIE),Confirmed,Domestic,Duck,17/04/2022,13/06/2022,,
321780,Influenza - Avian,H5N1 HPAI,Europe,Western Europe,France,Aquitaine,ANGOISSE,45.446379,1.135614,WOAH (former OIE),Confirmed,Domestic,Chicken,15/04/2022,02/05/2022,,
324598,Influenza - Avian,H5N1 HPAI,Europe,Western Europe,France,Midi-Pyrenees,BALADOU,44.924,1.542,WOAH (former OIE),Confirmed,Domestic,Duck,14/04/2022,13/06/2022,,
324600,Influenza - Avian,H5N1 HPAI,Europe,Western Europe,France,Midi-Pyrenees,BALADOU,44.923,1.54,WOAH (former OIE),Confirmed,Domestic,Duck,14/04/2022,12/06/2022,,
324599,Influenza - Avian,H5N1 HPAI,Europe,Western Europe,France,Midi-Pyrenees,PAYRAC,44.778,1.444,WOAH (former OIE),Confirmed,Domestic,Duck,13/04/2022,12/06/2022,,
322839,Influenza - Avian,H5N1 HPAI,Europe,Western Europe,France,Pays-de-la-Loire,SAINTE-FLAIVE-DES-LOUPS,46.593591,-1.613746,WOAH (former OIE),Confirmed,Domestic,Duck,11/04/2022,24/05/2022,,
321773,Influenza - Avian,H5N1 HPAI,Europe,Western Europe,France,Pays-de-la-Loire,CHERREAU,48.18917,0.66755,WOAH (former OIE),Confirmed,Domestic,Chicken,08/04/2022,02/05/2022,,
322841,Influenza - Avian,H5N1 HPAI,Europe,Western Europe,France,Midi-Pyrenees,SAINT-DENIS-LES-MARTEL,44.9415,1.650569,WOAH (former OIE),Confirmed,Domestic,Duck,05/04/2022,24/05/2022,,
324597,Influenza - Avian,H5N1 HPAI,Europe,Western Europe,France,Aquitaine,LANOUAILLE,45.372,1.151,WOAH (former OIE),Confirmed,Domestic,Duck,05/04/2022,13/06/2022,,
322835,Influenza - Avian,H5N1 HPAI,Europe,Western Europe,France,Pays-de-la-Loire,LOIREAUXENCE,47.459478,-1.091118,WOAH (former OIE),Confirmed,Domestic,Duck,04/04/2022,24/05/2022,,
322836,Influenza - Avian,H5N1 HPAI,Europe,Western Europe,France,Pays-de-la-Loire,RIAILLE,47.50937,-1.314432,WOAH (former OIE),Confirmed,Domestic,Chicken,04/04/2022,24/05/2022,,
324606,Influenza - Avian,H5N1 HPAI,Europe,Western Europe,France,Pays-de-la-Loire,MAUGES-SUR-LOIRE,47.317477,-0.862209,WOAH (former OIE),Confirmed,Domestic,Chicken,04/04/2022,13/06/2022,,
324607,Influenza - Avian,H5N1 HPAI,Europe,Western Europe,France,Pays-de-la-Loire,CHAVAGNES,47.240542,-0.414756,WOAH (former OIE),Confirmed,Domestic,Turkey,04/04/2022,13/06/2022,,
324608,Influenza - Avian,H5N1 HPAI,Europe,Western Europe,France,Pays-de-la-Loire,BEAUPREAU-EN-MAUGES,47.174972,-0.954037,WOAH (former OIE),Confirmed,Domestic,Duck,04/04/2022,12/06/2022,,
324609,Influenza - Avian,H5N1 HPAI,Europe,Western Europe,France,Pays-de-la-Loire,CHAZE-SUR-ARGOS,47.637715,-0.911723,WOAH (former OIE),Confirmed,Domestic,Duck,04/04/2022,12/06/2022,,
324611,Influenza - Avian,H5N1 HPAI,Europe,Western Europe,France,Pays-de-la-Loire,MAUGES-SUR-LOIRE,47.304697,-0.83391,WOAH (former OIE),Confirmed,Domestic,Chicken,04/04/2022,13/06/2022,,
324622,Influenza - Avian,H5N1 HPAI,Europe,Western Europe,France,Pays-de-la-Loire,CHEMILLE-EN-ANJOU,47.254187,-0.811491,WOAH (former OIE),Confirmed,Domestic,Chicken,04/04/2022,13/06/2022,,
324605,Influenza - Avian,H5N1 HPAI,Europe,Western Europe,France,Pays-de-la-Loire,LOIREAUXENCE,47.438384,-1.100878,WOAH (former OIE),Confirmed,Domestic,Chicken,03/04/2022,13/06/2022,,
324595,Influenza - Avian,H5N1 HPAI,Europe,Western Europe,France,Pays-de-la-Loire,BEAUPREAU-EN-MAUGES,47.156,-1.125,WOAH (former OIE),Confirmed,Domestic,Chicken,02/04/2022,13/06/2022,,
324610,Influenza - Avian,H5N1 HPAI,Europe,Western Europe,France,Pays-de-la-Loire,MORTAGNE-SUR-SEVRE,46.98904,-0.909491,WOAH (former OIE),Confirmed,Domestic,Chicken,02/04/2022,13/06/2022,,
324612,Influenza - Avian,H5N1 HPAI,Europe,Western Europe,France,Pays-de-la-Loire,LANDES-GENUSSON,46.948478,-1.114147,WOAH (former OIE),Confirmed,Domestic,Turkey,02/04/2022,13/06/2022,,
324613,Influenza - Avian,H5N1 HPAI,Europe,Western Europe,France,Pays-de-la-Loire,SEVREMONT,46.828177,-0.838668,WOAH (former OIE),Confirmed,Domestic,Duck,02/04/2022,13/06/2022,,
324593,Influenza - Avian,H5N1 HPAI,Europe,Western Europe,France,Pays-de-la-Loire,CHEMILLE-EN-ANJOU,47.266,-0.799,WOAH (former OIE),Confirmed,Domestic,Chicken,30/03/2022,13/06/2022,,
324594,Influenza - Avian,H5N1 HPAI,Europe,Western Europe,France,Pays-de-la-Loire,VAIR-SUR-LOIRE,47.404,-1.065,WOAH (former OIE),Confirmed,Domestic,Duck,30/03/2022,13/06/2022,,
324592,Influenza - Avian,H5N1 HPAI,Europe,Western Europe,France,Pays-de-la-Loire,SAINT-PIERRE-LE-VIEUX,46.408,-0.766,WOAH (former OIE),Confirmed,Domestic,Chicken,29/03/2022,13/06/2022,,
324632,Influenza - Avian,H5N1 HPAI,Europe,Western Europe,France,Pays-de-la-Loire,MAULEVRIER,47.038621,-0.803297,WOAH (former OIE),Confirmed,Domestic,Chicken,29/03/2022,13/06/2022,,
318372,Influenza - Avian,H5N1 HPAI,Europe,Western Europe,France,Pays-de-la-Loire,MOTHE-ACHARD,46.568177,-1.657134,WOAH (former OIE),Confirmed,Domestic,Chicken,28/03/2022,04/04/2022,,
318378,Influenza - Avian,H5N1 HPAI,Europe,Western Europe,France,Pays-de-la-Loire,SEVREMOINE,47.108676,-1.007695,WOAH (former OIE),Confirmed,Domestic,Chicken,28/03/2022,04/04/2022,,
318392,Influenza - Avian,H5N1 HPAI,Europe,Western Europe,France,Pays-de-la-Loire,BEAUPREAU-EN-MAUGES,47.196815,-0.95738,WOAH (former OIE),Confirmed,Domestic,Duck,28/03/2022,04/04/2022,,
318395,Influenza - Avian,H5N1 HPAI,Europe,Western Europe,France,Pays-de-la-Loire,SEVREMOINE,47.129244,-1.046838,WOAH (former OIE),Confirmed,Domestic,Chicken,28/03/2022,04/04/2022,,
318396,Influenza - Avian,H5N1 HPAI,Europe,Western Europe,France,Pays-de-la-Loire,CHEMILLE-EN-ANJOU,47.281077,-0.84236,WOAH (former OIE),Confirmed,Domestic,Duck,28/03/2022,04/04/2022,,
318397,Influenza - Avian,H5N1 HPAI,Europe,Western Europe,France,Pays-de-la-Loire,MAULEVRIER,47.018654,-0.796661,WOAH (former OIE),Confirmed,Domestic,Duck,28/03/2022,04/04/2022,,
318398,Influenza - Avian,H5N1 HPAI,Europe,Western Europe,France,Pays-de-la-Loire,BEAUPREAU-EN-MAUGES,47.263823,-0.870116,WOAH (former OIE),Confirmed,Domestic,Chicken,28/03/2022,04/04/2022,,
318399,Influenza - Avian,H5N1 HPAI,Europe,Western Europe,France,Pays-de-la-Loire,SEGUINIERE,47.108991,-0.953726,WOAH (former OIE),Confirmed,Domestic,Chicken,28/03/2022,04/04/2022,,
318400,Influenza - Avian,H5N1 HPAI,Europe,Western Europe,France,Pays-de-la-Loire,CHEMILLE-EN-ANJOU,47.238829,-0.760907,WOAH (former OIE),Confirmed,Domestic,Turkey,28/03/2022,04/04/2022,,
318401,Influenza - Avian,H5N1 HPAI,Europe,Western Europe,France,Pays-de-la-Loire,BEAUPREAU-EN-MAUGES,47.196677,-0.957597,WOAH (former OIE),Confirmed,Domestic,Duck,28/03/2022,04/04/2022,,
318406,Influenza - Avian,H5N1 HPAI,Europe,Western Europe,France,Pays-de-la-Loire,BEAUREPAIRE,46.909969,-1.064329,WOAH (former OIE),Confirmed,Domestic,Chicken,28/03/2022,04/04/2022,,
318407,Influenza - Avian,H5N1 HPAI,Europe,Western Europe,France,Pays-de-la-Loire,NOZAY,47.578703,-1.54038,WOAH (former OIE),Confirmed,Domestic,Duck,28/03/2022,04/04/2022,,
318409,Influenza - Avian,H5N1 HPAI,Europe,Western Europe,France,Pays-de-la-Loire,THOUARSAIS BOUILDROUX,46.58479,-0.837303,WOAH (former OIE),Confirmed,Domestic,Chicken,28/03/2022,04/04/2022,,
318410,Influenza - Avian,H5N1 HPAI,Europe,Western Europe,France,Pays-de-la-Loire,VAIR SUR LOIRE,47.414089,-1.125205,WOAH (former OIE),Confirmed,Domestic,Duck,28/03/2022,04/04/2022,,
318411,Influenza - Avian,H5N1 HPAI,Europe,Western Europe,France,Pays-de-la-Loire,CHEVROLIERE,47.085728,-1.624403,WOAH (former OIE),Confirmed,Domestic,Chicken,28/03/2022,04/04/2022,,
318412,Influenza - Avian,H5N1 HPAI,Europe,Western Europe,France,Pays-de-la-Loire,CHEVROLIERE,47.068728,-1.583555,WOAH (former OIE),Confirmed,Domestic,Chicken,28/03/2022,04/04/2022,,
324630,Influenza - Avian,H5N1 HPAI,Europe,Western Europe,France,Pays-de-la-Loire,BEAUPREAU-EN-MAUGES,47.207811,-0.968289,WOAH (former OIE),Confirmed,Domestic,Duck,28/03/2022,12/06/2022,,
324631,Influenza - Avian,H5N1 HPAI,Europe,Western Europe,France,Pays-de-la-Loire,BEAUPREAU-EN-MAUGES,47.180326,-1.003752,WOAH (former OIE),Confirmed,Domestic,Chicken,28/03/2022,13/06/2022,,
324634,Influenza - Avian,H5N1 HPAI,Europe,Western Europe,France,Pays-de-la-Loire,a,47.246703,-0.912423,WOAH (former OIE),Confirmed,Domestic,Turkey,28/03/2022,13/06/2022,,
324635,Influenza - Avian,H5N1 HPAI,Europe,Western Europe,France,Pays-de-la-Loire,SEVREMOINE,47.130451,-1.217452,WOAH (former OIE),Confirmed,Domestic,Duck,28/03/2022,12/06/2022,,
318370,Influenza - Avian,H5N1 HPAI,Europe,Western Europe,France,Pays-de-la-Loire,BEAUPREAU-EN-MAUGES,47.169992,-1.075623,WOAH (former OIE),Confirmed,Domestic,Chicken,27/03/2022,04/04/2022,,
318379,Influenza - Avian,H5N1 HPAI,Europe,Western Europe,France,Pays-de-la-Loire,MONTREVAULT-SUR-EVRE,47.279075,-0.865574,WOAH (former OIE),Confirmed,Domestic,Duck,27/03/2022,04/04/2022,,
318387,Influenza - Avian,H5N1 HPAI,Europe,Western Europe,France,Pays-de-la-Loire,BOURNEZEAU,46.640938,-1.135572,WOAH (former OIE),Confirmed,Domestic,Chicken,27/03/2022,04/04/2022,,
318403,Influenza - Avian,H5N1 HPAI,Europe,Western Europe,France,Pays-de-la-Loire,BEAUPREAU-EN-MAUGES,47.242413,-0.863365,WOAH (former OIE),Confirmed,Domestic,Chicken,27/03/2022,04/04/2022,,
318371,Influenza - Avian,H5N1 HPAI,Europe,Western Europe,France,Pays-de-la-Loire,SEVREMONT,46.828602,-0.840128,WOAH (former OIE),Confirmed,Domestic,Turkey,26/03/2022,04/04/2022,,
318373,Influenza - Avian,H5N1 HPAI,Europe,Western Europe,France,Pays-de-la-Loire,SAINTE HERMINE,46.575108,-1.037165,WOAH (former OIE),Confirmed,Domestic,Chicken,26/03/2022,04/04/2022,,
318375,Influenza - Avian,H5N1 HPAI,Europe,Western Europe,France,Poitou-Charentes,MAULEON,46.954589,-0.843249,WOAH (former OIE),Confirmed,Domestic,Turkey,26/03/2022,04/04/2022,,
318377,Influenza - Avian,H5N1 HPAI,Europe,Western Europe,France,Pays-de-la-Loire,SEVREMOINE,47.145841,-0.993095,WOAH (former OIE),Confirmed,Domestic,Chicken,26/03/2022,04/04/2022,,
318380,Influenza - Avian,H5N1 HPAI,Europe,Western Europe,France,Bretagne,GUIPRY MESSAC,47.834967,-1.768676,WOAH (former OIE),Confirmed,Domestic,Duck,26/03/2022,04/04/2022,,
318381,Influenza - Avian,H5N1 HPAI,Europe,Western Europe,France,Bretagne,PEILLAC,47.727377,-2.251666,WOAH (former OIE),Confirmed,Domestic,Duck,26/03/2022,04/04/2022,,
318386,Influenza - Avian,H5N1 HPAI,Europe,Western Europe,France,Pays-de-la-Loire,LANDES GENUSSON,46.946656,-1.107345,WOAH (former OIE),Confirmed,Domestic,Chicken,26/03/2022,04/04/2022,,
318389,Influenza - Avian,H5N1 HPAI,Europe,Western Europe,France,Pays-de-la-Loire,SAINT-MARTIN-DES-NOYERS,46.73647,-1.152602,WOAH (former OIE),Confirmed,Domestic,Chicken,26/03/2022,04/04/2022,,
318390,Influenza - Avian,H5N1 HPAI,Europe,Western Europe,France,Pays-de-la-Loire,SAINT LAURENT SUR SEVRE,46.945344,-0.889797,WOAH (former OIE),Confirmed,Domestic,Duck,26/03/2022,04/04/2022,,
318391,Influenza - Avian,H5N1 HPAI,Europe,Western Europe,France,Pays-de-la-Loire,VERRIE,46.941315,-0.946821,WOAH (former OIE),Confirmed,Domestic,Chicken,26/03/2022,04/04/2022,,
318413,Influenza - Avian,H5N1 HPAI,Europe,Western Europe,France,Poitou-Charentes,MAULEON,46.956811,-0.84767,WOAH (former OIE),Confirmed,Domestic,Turkey,26/03/2022,04/04/2022,,
324620,Influenza - Avian,H5N1 HPAI,Europe,Western Europe,France,Pays-de-la-Loire,MAULEVRIER,47.042171,-0.796432,WOAH (former OIE),Confirmed,Domestic,Duck,26/03/2022,12/06/2022,,
324621,Influenza - Avian,H5N1 HPAI,Europe,Western Europe,France,Pays-de-la-Loire,BEAUPREAU-EN-MAUGES,47.251236,-0.846664,WOAH (former OIE),Confirmed,Domestic,Chicken,26/03/2022,13/06/2022,,
318414,Influenza - Avian,H5N1 HPAI,Europe,Western Europe,France,Poitou-Charentes,MAULEON,46.974481,-0.700174,WOAH (former OIE),Confirmed,Domestic,Chicken,25/03/2022,04/04/2022,,
318422,Influenza - Avian,H5N1 HPAI,Europe,Western Europe,France,Midi-Pyrenees,ASSIER,44.667213,1.88404,WOAH (former OIE),Confirmed,Domestic,Duck,25/03/2022,04/04/2022,,
318424,Influenza - Avian,H5N1 HPAI,Europe,Western Europe,France,Poitou-Charentes,MONCOUTANT,46.757872,-0.555852,WOAH (former OIE),Confirmed,Domestic,Turkey,25/03/2022,04/04/2022,,
318425,Influenza - Avian,H5N1 HPAI,Europe,Western Europe,France,Pays-de-la-Loire,SAINTE HERMINE,46.535295,-1.0915,WOAH (former OIE),Confirmed,Domestic,Chicken,25/03/2022,04/04/2022,,
318427,Influenza - Avian,H5N1 HPAI,Europe,Western Europe,France,Poitou-Charentes,MAULEON,46.97113,-0.696782,WOAH (former OIE),Confirmed,Domestic,Duck,25/03/2022,04/04/2022,,
318383,Influenza - Avian,H5N1 HPAI,Europe,Western Europe,France,Pays-de-la-Loire,CORCOUE-SUR-LOGNE,46.969312,-1.608067,WOAH (former OIE),Confirmed,Domestic,Chicken,24/03/2022,04/04/2022,,
318421,Influenza - Avian,H5N1 HPAI,Europe,Western Europe,France,Pays-de-la-Loire,MONTBERT,47.053354,-1.453641,WOAH (former OIE),Confirmed,Domestic,Chicken,24/03/2022,04/04/2022,,
318423,Influenza - Avian,H5N1 HPAI,Europe,Western Europe,France,Pays-de-la-Loire,CHAVAGNES-EN-PAILLERS,46.913027,-1.185475,WOAH (former OIE),Confirmed,Domestic,Chicken,24/03/2022,04/04/2022,,
318426,Influenza - Avian,H5N1 HPAI,Europe,Western Europe,France,Pays-de-la-Loire,SAINT-PHILBERT-DE-GRAND-LIEU,47.030813,-1.676012,WOAH (former OIE),Confirmed,Domestic,Turkey,24/03/2022,04/04/2022,,
324618,Influenza - Avian,H5N1 HPAI,Europe,Western Europe,France,Pays-de-la-Loire,YZERNAY,47.007384,-0.695785,WOAH (former OIE),Confirmed,Domestic,Chicken,24/03/2022,13/06/2022,,
318352,Influenza - Avian,H5N1 HPAI,Europe,Western Europe,France,Poitou-Charentes,COURLAY,46.772679,-0.550832,WOAH (former OIE),Confirmed,Domestic,Chicken,23/03/2022,04/04/2022,,
318405,Influenza - Avian,H5N1 HPAI,Europe,Western Europe,France,Midi-Pyrenees,AIGNAN,43.695359,0.111326,WOAH (former OIE),Confirmed,Domestic,Chicken,23/03/2022,04/04/2022,,
318415,Influenza - Avian,H5N1 HPAI,Europe,Western Europe,France,Poitou-Charentes,GOURGE,46.745931,-0.205705,WOAH (former OIE),Confirmed,Domestic,Turkey,23/03/2022,04/04/2022,,
318417,Influenza - Avian,H5N1 HPAI,Europe,Western Europe,France,Pays-de-la-Loire,CHANTONNAY,46.665241,-1.032041,WOAH (former OIE),Confirmed,Domestic,Chicken,23/03/2022,04/04/2022,,
318418,Influenza - Avian,H5N1 HPAI,Europe,Western Europe,France,Pays-de-la-Loire,BRUFFIERE,46.984893,-1.168873,WOAH (former OIE),Confirmed,Domestic,Chicken,23/03/2022,04/04/2022,,
318419,Influenza - Avian,H5N1 HPAI,Europe,Western Europe,France,Pays-de-la-Loire,CHAUCHE,46.846967,-1.285878,WOAH (former OIE),Confirmed,Domestic,Chicken,23/03/2022,04/04/2022,,
318439,Influenza - Avian,H5N1 HPAI,Europe,Western Europe,France,Pays-de-la-Loire,FOUGERE,46.656944,-1.258581,WOAH (former OIE),Confirmed,Domestic,Chicken,23/03/2022,04/04/2022,,
318440,Influenza - Avian,H5N1 HPAI,Europe,Western Europe,France,Pays-de-la-Loire,YZERNAY,47.05882,-0.716224,WOAH (former OIE),Confirmed,Domestic,Duck,23/03/2022,04/04/2022,,
318441,Influenza - Avian,H5N1 HPAI,Europe,Western Europe,France,Pays-de-la-Loire,C,47.211098,-0.878069,WOAH (former OIE),Confirmed,Domestic,Duck,23/03/2022,04/04/2022,,
318445,Influenza - Avian,H5N1 HPAI,Europe,Western Europe,France,Pays-de-la-Loire,MAY-SUR-EVRE,47.156141,-0.880594,WOAH (former OIE),Confirmed,Domestic,Duck,22/03/2022,04/04/2022,,
324616,Influenza - Avian,H5N1 HPAI,Europe,Western Europe,France,Pays-de-la-Loire,BEAUPREAU-EN-MAUGES,47.20204,-0.887121,WOAH (former OIE),Confirmed,Domestic,Duck,22/03/2022,12/06/2022,,
318384,Influenza - Avian,H5N1 HPAI,Europe,Western Europe,France,Pays-de-la-Loire,BEAUPREAU-EN-MAUGES,47.189077,-1.108554,WOAH (former OIE),Confirmed,Domestic,Chicken,21/03/2022,04/04/2022,,
318402,Influenza - Avian,H5N1 HPAI,Europe,Western Europe,France,Pays-de-la-Loire,BEGROLLES-EN-MAUGES,47.110919,-0.944023,WOAH (former OIE),Confirmed,Domestic,Duck,21/03/2022,04/04/2022,,
318442,Influenza - Avian,H5N1 HPAI,Europe,Western Europe,France,Pays-de-la-Loire,SEVREMOINE,47.089141,-1.083068,WOAH (former OIE),Confirmed,Domestic,Duck,21/03/2022,04/04/2022,,
318376,Influenza - Avian,H5N1 HPAI,Europe,Western Europe,France,Pays-de-la-Loire,BEAUPREAU-EN-MAUGES,47.171699,-0.826762,WOAH (former OIE),Confirmed,Domestic,Duck,19/03/2022,04/04/2022,,
318393,Influenza - Avian,H5N1 HPAI,Europe,Western Europe,France,Pays-de-la-Loire,CHEMILLE-EN-ANJOU,47.258577,-0.847,WOAH (former OIE),Confirmed,Domestic,Duck,19/03/2022,04/04/2022,,
318443,Influenza - Avian,H5N1 HPAI,Europe,Western Europe,France,Pays-de-la-Loire,SAINT-MAURICE-LE-GIRARD,46.647534,-0.781876,WOAH (former OIE),Confirmed,Domestic,Turkey,19/03/2022,04/04/2022,,
324617,Influenza - Avian,H5N1 HPAI,Europe,Western Europe,France,Pays-de-la-Loire,REMOUILLE,47.055608,-1.391356,WOAH (former OIE),Confirmed,Domestic,Chicken,19/03/2022,13/06/2022,,
318394,Influenza - Avian,H5N1 HPAI,Europe,Western Europe,France,Pays-de-la-Loire,BEAUPREAU-EN-MAUGES,47.262907,-0.93066,WOAH (former OIE),Confirmed,Domestic,Duck,16/03/2022,04/04/2022,,
318434,Influenza - Avian,H5N1 HPAI,Europe,Western Europe,France,Pays-de-la-Loire,MOUTIERS-SUR-LE-LAY,46.57459,-1.133051,WOAH (former OIE),Confirmed,Domestic,Duck,14/03/2022,04/04/2022,,
324628,Influenza - Avian,H5N1 HPAI,Europe,Western Europe,France,Pays-de-la-Loire,BOISSIERE-DE-MONTAIGU,46.931491,-1.172449,WOAH (former OIE),Confirmed,Domestic,Turkey,14/03/2022,13/06/2022,,
318428,Influenza - Avian,H5N1 HPAI,Europe,Western Europe,France,Pays-de-la-Loire,BOURNEZEAU,46.613502,-1.114308,WOAH (former OIE),Confirmed,Domestic,Duck,12/03/2022,04/04/2022,,
324626,Influenza - Avian,H5N1 HPAI,Europe,Western Europe,France,Pays-de-la-Loire,CEZAIS,46.578573,-0.811957,WOAH (former OIE),Confirmed,Domestic,Chicken,12/03/2022,13/06/2022,,
318429,Influenza - Avian,H5N1 HPAI,Europe,Western Europe,France,Pays-de-la-Loire,BAZOGES-EN-PAREDS,46.65756,-0.926684,WOAH (former OIE),Confirmed,Domestic,Duck,10/03/2022,04/04/2022,,
315806,Influenza - Avian,H5N1 HPAI,Europe,Western Europe,France,Pays-de-la-Loire,ROMAGNE,47.068978,-1.017621,WOAH (former OIE),Confirmed,Domestic,Duck,09/03/2022,14/03/2022,,
315807,Influenza - Avian,H5N1 HPAI,Europe,Western Europe,France,Pays-de-la-Loire,aaa,47.134519,-1.011728,WOAH (former OIE),Confirmed,Domestic,Duck,09/03/2022,14/03/2022,,
318430,Influenza - Avian,H5N1 HPAI,Europe,Western Europe,France,Pays-de-la-Loire,SAINT-PAUL-EN-PAREDS,46.8335,-0.94662,WOAH (former OIE),Confirmed,Domestic,Chicken,09/03/2022,04/04/2022,,
324629,Influenza - Avian,H5N1 HPAI,Europe,Western Europe,France,Pays-de-la-Loire,HERBIERS,46.855882,-1.066163,WOAH (former OIE),Confirmed,Domestic,Turkey,09/03/2022,13/06/2022,,
315754,Influenza - Avian,H5N1 HPAI,Europe,Western Europe,France,Pays-de-la-Loire,aa,46.807163,-1.729267,WOAH (former OIE),Confirmed,Domestic,Duck,08/03/2022,14/03/2022,,
315756,Influenza - Avian,H5N1 HPAI,Europe,Western Europe,France,Pays-de-la-Loire,SEVREMONT,46.868703,-1.370464,WOAH (former OIE),Confirmed,Domestic,Chicken,08/03/2022,14/03/2022,,
315758,Influenza - Avian,H5N1 HPAI,Europe,Western Europe,France,Pays-de-la-Loire,SEVREMONT,46.845279,-0.874656,WOAH (former OIE),Confirmed,Domestic,Duck,08/03/2022,14/03/2022,,
315760,Influenza - Avian,H5N1 HPAI,Europe,Western Europe,France,Pays-de-la-Loire,bb,46.799249,-1.02942,WOAH (former OIE),Confirmed,Domestic,Chicken,08/03/2022,14/03/2022,,
315762,Influenza - Avian,H5N1 HPAI,Europe,Western Europe,France,Pays-de-la-Loire,cc,46.917182,-1.150985,WOAH (former OIE),Confirmed,Domestic,Duck,08/03/2022,14/03/2022,,
315764,Influenza - Avian,H5N1 HPAI,Europe,Western Europe,France,Pays-de-la-Loire,POUZAUGES,46.759373,-0.866778,WOAH (former OIE),Confirmed,Domestic,Duck,08/03/2022,14/03/2022,,
315766,Influenza - Avian,H5N1 HPAI,Europe,Western Europe,France,Pays-de-la-Loire,SEVREMONT,46.805264,-0.885737,WOAH (former OIE),Confirmed,Domestic,Chicken,08/03/2022,14/03/2022,,
315796,Influenza - Avian,H5N1 HPAI,Europe,Western Europe,France,Pays-de-la-Loire,rr,46.933001,-1.78716,WOAH (former OIE),Confirmed,Domestic,Duck,08/03/2022,14/03/2022,,
315801,Influenza - Avian,H5N1 HPAI,Europe,Western Europe,France,Pays-de-la-Loire,SALLERTAINE,46.880864,-1.898333,WOAH (former OIE),Confirmed,Domestic,Duck,08/03/2022,14/03/2022,,
315802,Influenza - Avian,H5N1 HPAI,Europe,Western Europe,France,Pays-de-la-Loire,FALLERON,46.861654,-1.715674,WOAH (former OIE),Confirmed,Domestic,Chicken,08/03/2022,14/03/2022,,
315803,Influenza - Avian,H5N1 HPAI,Europe,Western Europe,France,Pays-de-la-Loire,CHALLANS,46.860122,-1.88226,WOAH (former OIE),Confirmed,Domestic,Duck,08/03/2022,14/03/2022,,
315808,Influenza - Avian,H5N1 HPAI,Europe,Western Europe,France,Pays-de-la-Loire,bbb,47.135287,-1.002967,WOAH (former OIE),Confirmed,Domestic,Duck,08/03/2022,14/03/2022,,
315821,Influenza - Avian,H5N1 HPAI,Europe,Western Europe,France,Poitou-Charentes,SAINT-POMPAIN,46.410283,-0.591219,WOAH (former OIE),Confirmed,Domestic,Duck,08/03/2022,14/03/2022,,
318431,Influenza - Avian,H5N1 HPAI,Europe,Western Europe,France,Pays-de-la-Loire,HERBIERS,46.874219,-0.964545,WOAH (former OIE),Confirmed,Domestic,Duck,08/03/2022,04/04/2022,,
315737,Influenza - Avian,H5N1 HPAI,Europe,Western Europe,France,Pays-de-la-Loire,q,46.962724,-1.768026,WOAH (former OIE),Confirmed,Domestic,Duck,07/03/2022,14/03/2022,,
315741,Influenza - Avian,H5N1 HPAI,Europe,Western Europe,France,Pays-de-la-Loire,r,46.655553,-0.869399,WOAH (former OIE),Confirmed,Domestic,Duck,07/03/2022,14/03/2022,,
315742,Influenza - Avian,H5N1 HPAI,Europe,Western Europe,France,Pays-de-la-Loire,s,46.563134,-1.196849,WOAH (former OIE),Confirmed,Domestic,Duck,07/03/2022,14/03/2022,,
315769,Influenza - Avian,H5N1 HPAI,Europe,Western Europe,France,Pays-de-la-Loire,SAINT-MATHURIN,46.575578,-1.734303,WOAH (former OIE),Confirmed,Domestic,Duck,07/03/2022,14/03/2022,,
315794,Influenza - Avian,H5N1 HPAI,Europe,Western Europe,France,Pays-de-la-Loire,LEGE,46.906481,-1.57542,WOAH (former OIE),Confirmed,Domestic,Chicken,07/03/2022,14/03/2022,,
315811,Influenza - Avian,H5N1 HPAI,Europe,Western Europe,France,Pays-de-la-Loire,PORNIC,47.097036,-1.952308,WOAH (former OIE),Confirmed,Domestic,Duck,07/03/2022,14/03/2022,,
315678,Influenza - Avian,H5N1 HPAI,Europe,Western Europe,France,Pays-de-la-Loire,a,46.765026,-1.459603,WOAH (former OIE),Confirmed,Domestic,Duck,06/03/2022,14/03/2022,,
315680,Influenza - Avian,H5N1 HPAI,Europe,Western Europe,France,Pays-de-la-Loire,b,46.756754,-1.06898,WOAH (former OIE),Confirmed,Domestic,Duck,06/03/2022,14/03/2022,,
315696,Influenza - Avian,H5N1 HPAI,Europe,Western Europe,France,Pays-de-la-Loire,g,46.904717,-1.325267,WOAH (former OIE),Confirmed,Domestic,Duck,06/03/2022,14/03/2022,,
315697,Influenza - Avian,H5N1 HPAI,Europe,Western Europe,France,Pays-de-la-Loire,MONTREVERD,46.908903,-1.458585,WOAH (former OIE),Confirmed,Domestic,Goose,06/03/2022,14/03/2022,,
315699,Influenza - Avian,H5N1 HPAI,Europe,Western Europe,France,Pays-de-la-Loire,j,46.892426,-1.285582,WOAH (former OIE),Confirmed,Domestic,Duck,06/03/2022,14/03/2022,,
315703,Influenza - Avian,H5N1 HPAI,Europe,Western Europe,France,Midi-Pyrenees,BARS,43.516186,0.314199,WOAH (former OIE),Confirmed,Domestic,Duck,06/03/2022,14/03/2022,,
315704,Influenza - Avian,H5N1 HPAI,Europe,Western Europe,France,Midi-Pyrenees,BARS,43.518515,0.30303,WOAH (former OIE),Confirmed,Domestic,Duck,06/03/2022,14/03/2022,,
315744,Influenza - Avian,H5N1 HPAI,Europe,Western Europe,France,Pays-de-la-Loire,t,46.722147,-0.843565,WOAH (former OIE),Confirmed,Domestic,Duck,06/03/2022,14/03/2022,,
315745,Influenza - Avian,H5N1 HPAI,Europe,Western Europe,France,Pays-de-la-Loire,HERBIERS,46.861468,-0.951915,WOAH (former OIE),Confirmed,Domestic,Duck,06/03/2022,14/03/2022,,
318436,Influenza - Avian,H5N1 HPAI,Europe,Western Europe,France,Pays-de-la-Loire,BEAUREPAIRE,46.894076,-1.126307,WOAH (former OIE),Confirmed,Domestic,Duck,06/03/2022,04/04/2022,,
315688,Influenza - Avian,H5N1 HPAI,Europe,Western Europe,France,Pays-de-la-Loire,mouilleron-saint-germain,46.687765,-0.833613,WOAH (former OIE),Confirmed,Domestic,Chicken,05/03/2022,14/03/2022,,
315689,Influenza - Avian,H5N1 HPAI,Europe,Western Europe,France,Pays-de-la-Loire,c,47.25897,-1.20239,WOAH (former OIE),Confirmed,Domestic,Chicken,05/03/2022,14/03/2022,,
315690,Influenza - Avian,H5N1 HPAI,Europe,Western Europe,France,Pays-de-la-Loire,d,46.96029,-1.575239,WOAH (former OIE),Confirmed,Domestic,Duck,05/03/2022,14/03/2022,,
315701,Influenza - Avian,H5N1 HPAI,Europe,Western Europe,France,Pays-de-la-Loire,POIRE SUR VIE,46.74434,-1.508603,WOAH (former OIE),Confirmed,Domestic,Duck,05/03/2022,14/03/2022,,
315710,Influenza - Avian,H5N1 HPAI,Europe,Western Europe,France,Pays-de-la-Loire,n,47.240117,-1.137929,WOAH (former OIE),Confirmed,Domestic,Duck,05/03/2022,14/03/2022,,
315711,Influenza - Avian,H5N1 HPAI,Europe,Western Europe,France,Pays-de-la-Loire,bazoges en paillers,46.930522,-1.148314,WOAH (former OIE),Confirmed,Domestic,Duck,05/03/2022,14/03/2022,,
315712,Influenza - Avian,H5N1 HPAI,Europe,Western Europe,France,Pays-de-la-Loire,SEVREMONT,46.822771,-0.934179,WOAH (former OIE),Confirmed,Domestic,Duck,05/03/2022,14/03/2022,,
315723,Influenza - Avian,H5N1 HPAI,Europe,Western Europe,France,Pays-de-la-Loire,chateau-guibert,46.574966,-1.301554,WOAH (former OIE),Confirmed,Domestic,Duck,05/03/2022,14/03/2022,,
315724,Influenza - Avian,H5N1 HPAI,Europe,Western Europe,France,Pays-de-la-Loire,SEVREMONT,46.842879,-0.88899,WOAH (former OIE),Confirmed,Domestic,Duck,05/03/2022,14/03/2022,,
315725,Influenza - Avian,H5N1 HPAI,Europe,Western Europe,France,Pays-de-la-Loire,chavagnes-en-paillers,46.905733,-1.20401,WOAH (former OIE),Confirmed,Domestic,Duck,05/03/2022,14/03/2022,,
315729,Influenza - Avian,H5N1 HPAI,Europe,Western Europe,France,Pays-de-la-Loire,vendrennes,46.833539,-1.112102,WOAH (former OIE),Confirmed,Domestic,Duck,05/03/2022,14/03/2022,,
315730,Influenza - Avian,H5N1 HPAI,Europe,Western Europe,France,Pays-de-la-Loire,GARNACHE,46.88942,-1.869045,WOAH (former OIE),Confirmed,Domestic,Duck,05/03/2022,14/03/2022,,
315732,Influenza - Avian,H5N1 HPAI,Europe,Western Europe,France,Pays-de-la-Loire,jaudonniere,46.635592,-0.965842,WOAH (former OIE),Confirmed,Domestic,Duck,05/03/2022,14/03/2022,,
315733,Influenza - Avian,H5N1 HPAI,Europe,Western Europe,France,Pays-de-la-Loire,MONTREVERD,46.900268,-1.458775,WOAH (former OIE),Confirmed,Domestic,Duck,05/03/2022,14/03/2022,,
315735,Influenza - Avian,H5N1 HPAI,Europe,Western Europe,France,Pays-de-la-Loire,the balloon,46.796145,-0.94986,WOAH (former OIE),Confirmed,Domestic,Chicken,05/03/2022,14/03/2022,,
315738,Influenza - Avian,H5N1 HPAI,Europe,Western Europe,France,Pays-de-la-Loire,FERRIERE,46.710877,-1.298859,WOAH (former OIE),Confirmed,Domestic,Duck,05/03/2022,14/03/2022,,
315739,Influenza - Avian,H5N1 HPAI,Europe,Western Europe,France,Pays-de-la-Loire,tallud-sainte-gemme,46.693012,-0.880043,WOAH (former OIE),Confirmed,Domestic,Duck,05/03/2022,14/03/2022,,
315740,Influenza - Avian,H5N1 HPAI,Europe,Western Europe,France,Pays-de-la-Loire,saint-mars-la-reorthe,46.851884,-0.948739,WOAH (former OIE),Confirmed,Domestic,Duck,05/03/2022,14/03/2022,,
315743,Influenza - Avian,H5N1 HPAI,Europe,Western Europe,France,Pays-de-la-Loire,chavagnes-les-redoux,46.71365,-0.882441,WOAH (former OIE),Confirmed,Domestic,Duck,05/03/2022,14/03/2022,,
315746,Influenza - Avian,H5N1 HPAI,Europe,Western Europe,France,Pays-de-la-Loire,chavagnes-les-redoux,46.711621,-0.904435,WOAH (former OIE),Confirmed,Domestic,Duck,05/03/2022,14/03/2022,,
315748,Influenza - Avian,H5N1 HPAI,Europe,Western Europe,France,Pays-de-la-Loire,v,46.804515,-1.120281,WOAH (former OIE),Confirmed,Domestic,Duck,05/03/2022,14/03/2022,,
315753,Influenza - Avian,H5N1 HPAI,Europe,Western Europe,France,Pays-de-la-Loire,SEVREMONT,46.805674,-0.873865,WOAH (former OIE),Confirmed,Domestic,Duck,05/03/2022,14/03/2022,,
315757,Influenza - Avian,H5N1 HPAI,Europe,Western Europe,France,Pays-de-la-Loire,MONTREVERD,46.910439,-1.440351,WOAH (former OIE),Confirmed,Domestic,Duck,05/03/2022,14/03/2022,,
315759,Influenza - Avian,H5N1 HPAI,Europe,Western Europe,France,Pays-de-la-Loire,MONTREVERD,46.886936,-1.454536,WOAH (former OIE),Confirmed,Domestic,Duck,05/03/2022,14/03/2022,,
315763,Influenza - Avian,H5N1 HPAI,Europe,Western Europe,France,Pays-de-la-Loire,coldfond,46.848275,-1.753168,WOAH (former OIE),Confirmed,Domestic,Duck,05/03/2022,14/03/2022,,
315767,Influenza - Avian,H5N1 HPAI,Europe,Western Europe,France,Pays-de-la-Loire,essarts en bocage,46.791301,-1.258891,WOAH (former OIE),Confirmed,Domestic,Chicken,05/03/2022,14/03/2022,,
315774,Influenza - Avian,H5N1 HPAI,Europe,Western Europe,France,Pays-de-la-Loire,hh,46.709173,-1.122602,WOAH (former OIE),Confirmed,Domestic,Duck,05/03/2022,14/03/2022,,
315798,Influenza - Avian,H5N1 HPAI,Europe,Western Europe,France,Pays-de-la-Loire,tt,47.048154,-1.301043,WOAH (former OIE),Confirmed,Domestic,Chicken,05/03/2022,14/03/2022,,
315799,Influenza - Avian,H5N1 HPAI,Europe,Western Europe,France,Pays-de-la-Loire,uu,47.010554,-1.748808,WOAH (former OIE),Confirmed,Domestic,Chicken,05/03/2022,14/03/2022,,
315809,Influenza - Avian,H5N1 HPAI,Europe,Western Europe,France,Pays-de-la-Loire,ccc,47.236664,-1.138496,WOAH (former OIE),Confirmed,Domestic,Duck,05/03/2022,14/03/2022,,
315815,Influenza - Avian,H5N1 HPAI,Europe,Western Europe,France,Pays-de-la-Loire,COPECHAGNIERE,46.845494,-1.342132,WOAH (former OIE),Confirmed,Domestic,Chicken,05/03/2022,14/03/2022,,
315816,Influenza - Avian,H5N1 HPAI,Europe,Western Europe,France,Pays-de-la-Loire,SAINT-FULGENT,46.88495,-1.131235,WOAH (former OIE),Confirmed,Domestic,Chicken,05/03/2022,14/03/2022,,
315817,Influenza - Avian,H5N1 HPAI,Europe,Western Europe,France,Pays-de-la-Loire,fff,46.947315,-1.24382,WOAH (former OIE),Confirmed,Domestic,Duck,05/03/2022,14/03/2022,,
315818,Influenza - Avian,H5N1 HPAI,Europe,Western Europe,France,Pays-de-la-Loire,SEVREMONT,46.823819,-0.912634,WOAH (former OIE),Confirmed,Domestic,Duck,05/03/2022,14/03/2022,,
315679,Influenza - Avian,H5N1 HPAI,Europe,Western Europe,France,Pays-de-la-Loire,beaurepaire,46.883666,-1.101091,WOAH (former OIE),Confirmed,Domestic,Duck,04/03/2022,14/03/2022,,
315681,Influenza - Avian,H5N1 HPAI,Europe,Western Europe,France,Pays-de-la-Loire,chavagnes-en-paillers,46.899628,-1.262256,WOAH (former OIE),Confirmed,Domestic,Duck,04/03/2022,14/03/2022,,
315691,Influenza - Avian,H5N1 HPAI,Europe,Western Europe,France,Pays-de-la-Loire,PLANCHE,47.033766,-1.433631,WOAH (former OIE),Confirmed,Domestic,Duck,04/03/2022,14/03/2022,,
315693,Influenza - Avian,H5N1 HPAI,Europe,Western Europe,France,Pays-de-la-Loire,e,46.980932,-1.741307,WOAH (former OIE),Confirmed,Domestic,Duck,04/03/2022,14/03/2022,,
315698,Influenza - Avian,H5N1 HPAI,Europe,Western Europe,France,Pays-de-la-Loire,saint-hilaire-le-vouhis,46.669154,-1.12667,WOAH (former OIE),Confirmed,Domestic,Duck,04/03/2022,14/03/2022,,
315702,Influenza - Avian,H5N1 HPAI,Europe,Western Europe,France,Midi-Pyrenees,BARS,43.512402,0.301733,WOAH (former OIE),Confirmed,Domestic,Duck,04/03/2022,14/03/2022,,
315707,Influenza - Avian,H5N1 HPAI,Europe,Western Europe,France,Pays-de-la-Loire,l,46.764587,-1.352046,WOAH (former OIE),Confirmed,Domestic,Chicken,04/03/2022,14/03/2022,,
315709,Influenza - Avian,H5N1 HPAI,Europe,Western Europe,France,Pays-de-la-Loire,m,47.255009,-1.148255,WOAH (former OIE),Confirmed,Domestic,Duck,04/03/2022,14/03/2022,,
315716,Influenza - Avian,H5N1 HPAI,Europe,Western Europe,France,Pays-de-la-Loire,LES HERBIERS,46.872371,-1.100337,WOAH (former OIE),Confirmed,Domestic,Duck,04/03/2022,14/03/2022,,
315718,Influenza - Avian,H5N1 HPAI,Europe,Western Europe,France,Pays-de-la-Loire,bazoges en paillers,46.910085,-1.156571,WOAH (former OIE),Confirmed,Domestic,Duck,04/03/2022,14/03/2022,,
315719,Influenza - Avian,H5N1 HPAI,Europe,Western Europe,France,Pays-de-la-Loire,CHAUCHE,46.837009,-1.31627,WOAH (former OIE),Confirmed,Domestic,Chicken,04/03/2022,14/03/2022,,
315720,Influenza - Avian,H5N1 HPAI,Europe,Western Europe,France,Pays-de-la-Loire,SAINT-FULGENT,46.88918,-1.145501,WOAH (former OIE),Confirmed,Domestic,Duck,04/03/2022,14/03/2022,,
315722,Influenza - Avian,H5N1 HPAI,Europe,Western Europe,France,Pays-de-la-Loire,CHAUCHE,46.822121,-1.267496,WOAH (former OIE),Confirmed,Domestic,Duck,04/03/2022,14/03/2022,,
315747,Influenza - Avian,H5N1 HPAI,Europe,Western Europe,France,Pays-de-la-Loire,u,46.801339,-0.915576,WOAH (former OIE),Confirmed,Domestic,Duck,04/03/2022,14/03/2022,,
315749,Influenza - Avian,H5N1 HPAI,Europe,Western Europe,France,Pays-de-la-Loire,w,46.772197,-1.094257,WOAH (former OIE),Confirmed,Domestic,Duck,04/03/2022,14/03/2022,,
315770,Influenza - Avian,H5N1 HPAI,Europe,Western Europe,France,Pays-de-la-Loire,MONSIREIGNE,46.738868,-0.949912,WOAH (former OIE),Confirmed,Domestic,Duck,04/03/2022,14/03/2022,,
315777,Influenza - Avian,H5N1 HPAI,Europe,Western Europe,France,Pays-de-la-Loire,essarts en bocage,46.779612,-1.149577,WOAH (former OIE),Confirmed,Domestic,Duck,04/03/2022,14/03/2022,,
315781,Influenza - Avian,H5N1 HPAI,Europe,Western Europe,France,Pays-de-la-Loire,mm,46.899697,-1.902996,WOAH (former OIE),Confirmed,Domestic,Duck,04/03/2022,14/03/2022,,
315782,Influenza - Avian,H5N1 HPAI,Europe,Western Europe,France,Pays-de-la-Loire,nn,46.786472,-1.024825,WOAH (former OIE),Confirmed,Domestic,Duck,04/03/2022,14/03/2022,,
315783,Influenza - Avian,H5N1 HPAI,Europe,Western Europe,France,Pays-de-la-Loire,oo,46.921054,-1.112415,WOAH (former OIE),Confirmed,Domestic,Duck,04/03/2022,14/03/2022,,
315785,Influenza - Avian,H5N1 HPAI,Europe,Western Europe,France,Pays-de-la-Loire,pp,46.773073,-1.01947,WOAH (former OIE),Confirmed,Domestic,Duck,04/03/2022,14/03/2022,,
315800,Influenza - Avian,H5N1 HPAI,Europe,Western Europe,France,Pays-de-la-Loire,PORNIC,47.096946,-1.952194,WOAH (former OIE),Confirmed,Domestic,Duck,04/03/2022,14/03/2022,,
315819,Influenza - Avian,H5N1 HPAI,Europe,Western Europe,France,Pays-de-la-Loire,BOUFFERE,46.967152,-1.352365,WOAH (former OIE),Confirmed,Domestic,Duck,04/03/2022,14/03/2022,,
315820,Influenza - Avian,H5N1 HPAI,Europe,Western Europe,France,Pays-de-la-Loire,HERBIERS,46.877263,-0.978086,WOAH (former OIE),Confirmed,Domestic,Duck,04/03/2022,14/03/2022,,
324624,Influenza - Avian,H5N1 HPAI,Europe,Western Europe,France,Pays-de-la-Loire,PORNIC,47.096912,-1.952096,WOAH (former OIE),Confirmed,Domestic,Duck,04/03/2022,12/06/2022,,
324627,Influenza - Avian,H5N1 HPAI,Europe,Western Europe,France,Pays-de-la-Loire,TOUVOIS,46.922641,-1.65554,WOAH (former OIE),Confirmed,Domestic,Duck,04/03/2022,12/06/2022,,
324638,Influenza - Avian,H5N1 HPAI,Europe,Western Europe,France,Pays-de-la-Loire,RIVES DE L'YON,46.59791,-1.374537,WOAH (former OIE),Confirmed,Domestic,Duck,04/03/2022,12/06/2022,,
315682,Influenza - Avian,H5N1 HPAI,Europe,Western Europe,France,Poitou-Charentes,ABSIE,46.642988,-0.565615,WOAH (former OIE),Confirmed,Domestic,Duck,03/03/2022,14/03/2022,,
315683,Influenza - Avian,H5N1 HPAI,Europe,Western Europe,France,Poitou-Charentes,GENNETON,47.041079,-0.410102,WOAH (former OIE),Confirmed,Domestic,Duck,03/03/2022,14/03/2022,,
315786,Influenza - Avian,H5N1 HPAI,Europe,Western Europe,France,Pays-de-la-Loire,vendrennes,46.82398,-1.149236,WOAH (former OIE),Confirmed,Domestic,Chicken,03/03/2022,14/03/2022,,
315793,Influenza - Avian,H5N1 HPAI,Europe,Western Europe,France,Pays-de-la-Loire,boupere,46.783984,-0.943154,WOAH (former OIE),Confirmed,Domestic,Duck,03/03/2022,14/03/2022,,
324619,Influenza - Avian,H5N1 HPAI,Europe,Western Europe,France,Pays-de-la-Loire,ESSARTS EN BOCAGE,46.809664,-1.132502,WOAH (former OIE),Confirmed,Domestic,Duck,03/03/2022,12/06/2022,,
324625,Influenza - Avian,H5N1 HPAI,Europe,Western Europe,France,Pays-de-la-Loire,OREE D'ANJOU,47.256088,-1.192521,WOAH (former OIE),Confirmed,Domestic,Duck,03/03/2022,12/06/2022,,
315140,Influenza - Avian,H5N1 HPAI,Europe,Western Europe,France,Pays-de-la-Loire,mouchamps,46.792835,-1.01699,WOAH (former OIE),Confirmed,Domestic,Duck,02/03/2022,07/03/2022,,
315141,Influenza - Avian,H5N1 HPAI,Europe,Western Europe,France,Pays-de-la-Loire,oldvine,46.965956,-1.388215,WOAH (former OIE),Confirmed,Domestic,Duck,02/03/2022,07/03/2022,,
315145,Influenza - Avian,H5N1 HPAI,Europe,Western Europe,France,Midi-Pyrenees,VIOZAN,43.397348,0.475945,WOAH (former OIE),Confirmed,Domestic,Chicken,02/03/2022,07/03/2022,,
315146,Influenza - Avian,H5N1 HPAI,Europe,Western Europe,France,Midi-Pyrenees,SAINT-ELIX-THEUX,43.41934,0.44949,WOAH (former OIE),Confirmed,Domestic,Chicken,02/03/2022,07/03/2022,,
315147,Influenza - Avian,H5N1 HPAI,Europe,Western Europe,France,Pays-de-la-Loire,saint-cecile,46.713716,-1.098892,WOAH (former OIE),Confirmed,Domestic,Duck,02/03/2022,07/03/2022,,
315148,Influenza - Avian,H5N1 HPAI,Europe,Western Europe,France,Pays-de-la-Loire,saint-martin-des-noyers,46.716081,-1.160835,WOAH (former OIE),Confirmed,Domestic,Duck,02/03/2022,07/03/2022,,
315149,Influenza - Avian,H5N1 HPAI,Europe,Western Europe,France,Pays-de-la-Loire,MESNARD-LA-BAROTIERE,46.850767,-1.098235,WOAH (former OIE),Confirmed,Domestic,Duck,02/03/2022,07/03/2022,,
315150,Influenza - Avian,H5N1 HPAI,Europe,Western Europe,France,Pays-de-la-Loire,saint-andre-goule-d'oie,46.842195,-1.173385,WOAH (former OIE),Confirmed,Domestic,Duck,02/03/2022,07/03/2022,,
315151,Influenza - Avian,H5N1 HPAI,Europe,Western Europe,France,Pays-de-la-Loire,saint-andre-goule-d'oie,46.872364,-1.230722,WOAH (former OIE),Confirmed,Domestic,Duck,02/03/2022,07/03/2022,,
315152,Influenza - Avian,H5N1 HPAI,Europe,Western Europe,France,Pays-de-la-Loire,MARNE,46.980409,-1.713739,WOAH (former OIE),Confirmed,Domestic,Duck,02/03/2022,07/03/2022,,
315154,Influenza - Avian,H5N1 HPAI,Europe,Western Europe,France,Pays-de-la-Loire,saint-denis-la-chevasse,46.842947,-1.392024,WOAH (former OIE),Confirmed,Domestic,Duck,02/03/2022,07/03/2022,,
315155,Influenza - Avian,H5N1 HPAI,Europe,Western Europe,France,Pays-de-la-Loire,saint-mars-la-reorthe,46.853468,-0.943422,WOAH (former OIE),Confirmed,Domestic,Duck,02/03/2022,07/03/2022,,
315687,Influenza - Avian,H5N1 HPAI,Europe,Western Europe,France,Pays-de-la-Loire,paulx,46.935553,-1.82292,WOAH (former OIE),Confirmed,Domestic,Duck,02/03/2022,14/03/2022,,
315708,Influenza - Avian,H5N1 HPAI,Europe,Western Europe,France,Pays-de-la-Loire,THOUARSAIS-BOUILDROUX,46.61494,-0.863298,WOAH (former OIE),Confirmed,Domestic,Duck,02/03/2022,14/03/2022,,
315731,Influenza - Avian,H5N1 HPAI,Europe,Western Europe,France,Pays-de-la-Loire,p,46.809414,-1.132949,WOAH (former OIE),Confirmed,Domestic,Duck,02/03/2022,14/03/2022,,
315772,Influenza - Avian,H5N1 HPAI,Europe,Western Europe,France,Pays-de-la-Loire,ff,46.806955,-1.223231,WOAH (former OIE),Confirmed,Domestic,Duck,02/03/2022,14/03/2022,,
315773,Influenza - Avian,H5N1 HPAI,Europe,Western Europe,France,Pays-de-la-Loire,gg,46.775435,-1.171522,WOAH (former OIE),Confirmed,Domestic,Duck,02/03/2022,14/03/2022,,
315775,Influenza - Avian,H5N1 HPAI,Europe,Western Europe,France,Pays-de-la-Loire,ii,46.718463,-1.107874,WOAH (former OIE),Confirmed,Domestic,Duck,02/03/2022,14/03/2022,,
315779,Influenza - Avian,H5N1 HPAI,Europe,Western Europe,France,Pays-de-la-Loire,SEVREMONT,46.842586,-0.926959,WOAH (former OIE),Confirmed,Domestic,Duck,02/03/2022,14/03/2022,,
315787,Influenza - Avian,H5N1 HPAI,Europe,Western Europe,France,Pays-de-la-Loire,CHALLANS,46.840791,-1.782216,WOAH (former OIE),Confirmed,Domestic,Duck,02/03/2022,14/03/2022,,
315789,Influenza - Avian,H5N1 HPAI,Europe,Western Europe,France,Pays-de-la-Loire,chavagnes-en-paillers,46.897925,-1.248706,WOAH (former OIE),Confirmed,Domestic,Duck,02/03/2022,14/03/2022,,
315791,Influenza - Avian,H5N1 HPAI,Europe,Western Europe,France,Pays-de-la-Loire, TALLUD-SAINTE-GEMME,46.695641,-0.917973,WOAH (former OIE),Confirmed,Domestic,Duck,02/03/2022,14/03/2022,,
315144,Influenza - Avian,H5N1 HPAI,Europe,Western Europe,France,Pays-de-la-Loire,saint-martin-des-noyers,46.711475,-1.181152,WOAH (former OIE),Confirmed,Domestic,Duck,01/03/2022,07/03/2022,,
315153,Influenza - Avian,H5N1 HPAI,Europe,Western Europe,France,Pays-de-la-Loire,lucs-sur-boulogne,46.884622,-1.486741,WOAH (former OIE),Confirmed,Domestic,Duck,01/03/2022,07/03/2022,,
315164,Influenza - Avian,H5N1 HPAI,Europe,Western Europe,France,Pays-de-la-Loire,cheffois,46.668198,-0.795556,WOAH (former OIE),Confirmed,Domestic,Duck,01/03/2022,07/03/2022,,
315165,Influenza - Avian,H5N1 HPAI,Europe,Western Europe,France,Pays-de-la-Loire,oldvine,46.97593,-1.410014,WOAH (former OIE),Confirmed,Domestic,Duck,01/03/2022,07/03/2022,,
315167,Influenza - Avian,H5N1 HPAI,Europe,Western Europe,France,Pays-de-la-Loire,boupere,46.782384,-0.875846,WOAH (former OIE),Confirmed,Domestic,Duck,01/03/2022,07/03/2022,,
315169,Influenza - Avian,H5N1 HPAI,Europe,Western Europe,France,Pays-de-la-Loire,cheffois,46.677344,-0.768835,WOAH (former OIE),Confirmed,Domestic,Duck,01/03/2022,07/03/2022,,
315172,Influenza - Avian,H5N1 HPAI,Europe,Western Europe,France,Pays-de-la-Loire,LEGE,46.892707,-1.578421,WOAH (former OIE),Confirmed,Domestic,Duck,01/03/2022,07/03/2022,,
315179,Influenza - Avian,H5N1 HPAI,Europe,Western Europe,France,Midi-Pyrenees,ponsan-soubiran,43.348908,0.479592,WOAH (former OIE),Confirmed,Domestic,Duck,01/03/2022,07/03/2022,,
315181,Influenza - Avian,H5N1 HPAI,Europe,Western Europe,France,Aquitaine,GABAT,43.373739,-1.038721,WOAH (former OIE),Confirmed,Domestic,Duck,01/03/2022,07/03/2022,,
315182,Influenza - Avian,H5N1 HPAI,Europe,Western Europe,France,Midi-Pyrenees,GUIZERIX,43.335051,0.46399,WOAH (former OIE),Confirmed,Domestic,Duck,01/03/2022,07/03/2022,,
315185,Influenza - Avian,H5N1 HPAI,Europe,Western Europe,France,Poitou-Charentes,LIMALONGES,46.134304,0.186099,WOAH (former OIE),Confirmed,Domestic,Duck,01/03/2022,07/03/2022,,
315686,Influenza - Avian,H5N1 HPAI,Europe,Western Europe,France,Pays-de-la-Loire,oldvine,46.99744,-1.379497,WOAH (former OIE),Confirmed,Domestic,Chicken,01/03/2022,14/03/2022,,
315715,Influenza - Avian,H5N1 HPAI,Europe,Western Europe,France,Pays-de-la-Loire,oldvine,46.965941,-1.387856,WOAH (former OIE),Confirmed,Domestic,Duck,01/03/2022,14/03/2022,,
315776,Influenza - Avian,H5N1 HPAI,Europe,Western Europe,France,Pays-de-la-Loire,saint denis la chevasse,46.832983,-1.373742,WOAH (former OIE),Confirmed,Domestic,Duck,01/03/2022,14/03/2022,,
315788,Influenza - Avian,H5N1 HPAI,Europe,Western Europe,France,Pays-de-la-Loire,saint-philbert-de-bouaine,47.014678,-1.480457,WOAH (former OIE),Confirmed,Domestic,Duck,01/03/2022,14/03/2022,,
318369,Influenza - Avian,H5N1 HPAI,Europe,Western Europe,France,Pays-de-la-Loire,GARNACHE,46.910464,-1.783496,WOAH (former OIE),Confirmed,Domestic,Duck,01/03/2022,04/04/2022,,
315143,Influenza - Avian,H5N1 HPAI,Europe,Western Europe,France,Pays-de-la-Loire,louroux-beconnais,47.498337,-0.955331,WOAH (former OIE),Confirmed,Domestic,Duck,28/02/2022,07/03/2022,,
315189,Influenza - Avian,H5N1 HPAI,Europe,Western Europe,France,Pays-de-la-Loire, lucs-sur-boulogne,46.878782,-1.464255,WOAH (former OIE),Confirmed,Domestic,Duck,28/02/2022,07/03/2022,,
315190,Influenza - Avian,H5N1 HPAI,Europe,Western Europe,France,Pays-de-la-Loire,MERLATIERE,46.77733,-1.317568,WOAH (former OIE),Confirmed,Domestic,Duck,28/02/2022,07/03/2022,,
315191,Influenza - Avian,H5N1 HPAI,Europe,Western Europe,France,Pays-de-la-Loire,saint-etienne-du-bois,46.868984,-1.605414,WOAH (former OIE),Confirmed,Domestic,Duck,28/02/2022,07/03/2022,,
315192,Influenza - Avian,H5N1 HPAI,Europe,Western Europe,France,Pays-de-la-Loire,touvois,46.893195,-1.660442,WOAH (former OIE),Confirmed,Domestic,Duck,28/02/2022,07/03/2022,,
315193,Influenza - Avian,H5N1 HPAI,Europe,Western Europe,France,Pays-de-la-Loire,FALLERON,46.867534,-1.687784,WOAH (former OIE),Confirmed,Domestic,Duck,28/02/2022,07/03/2022,,
315194,Influenza - Avian,H5N1 HPAI,Europe,Western Europe,France,Pays-de-la-Loire,LEGE,46.938704,-1.596935,WOAH (former OIE),Confirmed,Domestic,Duck,28/02/2022,07/03/2022,,
315195,Influenza - Avian,H5N1 HPAI,Europe,Western Europe,France,Pays-de-la-Loire,LEGE,46.880483,-1.548442,WOAH (former OIE),Confirmed,Domestic,Duck,28/02/2022,07/03/2022,,
315196,Influenza - Avian,H5N1 HPAI,Europe,Western Europe,France,Pays-de-la-Loire,HERBIERS,46.839515,-1.063195,WOAH (former OIE),Confirmed,Domestic,Duck,28/02/2022,07/03/2022,,
315197,Influenza - Avian,H5N1 HPAI,Europe,Western Europe,France,Pays-de-la-Loire,essarts en bocage,46.782331,-1.122257,WOAH (former OIE),Confirmed,Domestic,Duck,28/02/2022,07/03/2022,,
315727,Influenza - Avian,H5N1 HPAI,Europe,Western Europe,France,Pays-de-la-Loire,o,46.783535,-1.168773,WOAH (former OIE),Confirmed,Domestic,Duck,28/02/2022,14/03/2022,,
315790,Influenza - Avian,H5N1 HPAI,Europe,Western Europe,France,Pays-de-la-Loire,mouchamps,46.77042,-1.025434,WOAH (former OIE),Confirmed,Domestic,Duck,28/02/2022,14/03/2022,,
315792,Influenza - Avian,H5N1 HPAI,Europe,Western Europe,France,Pays-de-la-Loire,tallud-sainte-gemme,46.698849,-0.885322,WOAH (former OIE),Confirmed,Domestic,Duck,28/02/2022,14/03/2022,,
315162,Influenza - Avian,H5N1 HPAI,Europe,Western Europe,France,Pays-de-la-Loire,SAINT-VINCENT-STERLANGES,46.734912,-1.079184,WOAH (former OIE),Confirmed,Domestic,Duck,27/02/2022,07/03/2022,,
315170,Influenza - Avian,H5N1 HPAI,Europe,Western Europe,France,Pays-de-la-Loire,GRAND'LANDES,46.867903,-1.659966,WOAH (former OIE),Confirmed,Domestic,Duck,27/02/2022,07/03/2022,,
315175,Influenza - Avian,H5N1 HPAI,Europe,Western Europe,France,Pays-de-la-Loire,rochetrejoux,46.788834,-1.0168,WOAH (former OIE),Confirmed,Domestic,Duck,27/02/2022,07/03/2022,,
315180,Influenza - Avian,H5N1 HPAI,Europe,Western Europe,France,Midi-Pyrenees,GUIZERIX,43.313455,0.444299,WOAH (former OIE),Confirmed,Domestic,Duck,27/02/2022,07/03/2022,,
315183,Influenza - Avian,H5N1 HPAI,Europe,Western Europe,France,Pays-de-la-Loire,brouzils,46.872444,-1.318491,WOAH (former OIE),Confirmed,Domestic,Duck,27/02/2022,07/03/2022,,
315186,Influenza - Avian,H5N1 HPAI,Europe,Western Europe,France,Pays-de-la-Loire,LEGE,46.912389,-1.624067,WOAH (former OIE),Confirmed,Domestic,Duck,27/02/2022,07/03/2022,,
315187,Influenza - Avian,H5N1 HPAI,Europe,Western Europe,France,Pays-de-la-Loire,oldvine,46.929586,-1.462678,WOAH (former OIE),Confirmed,Domestic,Duck,27/02/2022,07/03/2022,,
315198,Influenza - Avian,H5N1 HPAI,Europe,Western Europe,France,Poitou-Charentes,chapelle-saint-etienne,46.687409,-0.577268,WOAH (former OIE),Confirmed,Domestic,Duck,27/02/2022,07/03/2022,,
315685,Influenza - Avian,H5N1 HPAI,Europe,Western Europe,France,Pays-de-la-Loire,montrevault-sur-evre,47.240531,-1.072526,WOAH (former OIE),Confirmed,Domestic,Duck,27/02/2022,14/03/2022,,
315728,Influenza - Avian,H5N1 HPAI,Europe,Western Europe,France,Pays-de-la-Loire,LA MERLATIERE,46.761622,-1.323151,WOAH (former OIE),Confirmed,Domestic,Duck,27/02/2022,14/03/2022,,
315157,Influenza - Avian,H5N1 HPAI,Europe,Western Europe,France,Pays-de-la-Loire,pear-on-life,46.792257,-1.48904,WOAH (former OIE),Confirmed,Domestic,Duck,26/02/2022,07/03/2022,,
315158,Influenza - Avian,H5N1 HPAI,Europe,Western Europe,France,Pays-de-la-Loire,ROCHESERVIERE,46.926707,-1.51463,WOAH (former OIE),Confirmed,Domestic,Duck,26/02/2022,07/03/2022,,
315159,Influenza - Avian,H5N1 HPAI,Europe,Western Europe,France,Pays-de-la-Loire,SAINT-SULPICE-EN-PAREDS,46.613849,-0.856756,WOAH (former OIE),Confirmed,Domestic,Duck,26/02/2022,07/03/2022,,
315163,Influenza - Avian,H5N1 HPAI,Europe,Western Europe,France,Pays-de-la-Loire,essarts en bocage,46.805289,-1.128513,WOAH (former OIE),Confirmed,Domestic,Duck,26/02/2022,07/03/2022,,
315166,Influenza - Avian,H5N1 HPAI,Europe,Western Europe,France,Pays-de-la-Loire,SEVREMONT,46.787375,-0.874234,WOAH (former OIE),Confirmed,Domestic,Duck,26/02/2022,07/03/2022,,
315168,Influenza - Avian,H5N1 HPAI,Europe,Western Europe,France,Pays-de-la-Loire,chavagnes-en-paillers,46.868692,-1.265966,WOAH (former OIE),Confirmed,Domestic,Duck,26/02/2022,07/03/2022,,
315171,Influenza - Avian,H5N1 HPAI,Europe,Western Europe,France,Pays-de-la-Loire,POUZAUGES,46.797802,-0.834749,WOAH (former OIE),Confirmed,Domestic,Duck,26/02/2022,07/03/2022,,
315174,Influenza - Avian,H5N1 HPAI,Europe,Western Europe,France,Pays-de-la-Loire,tallud-sainte-gemme,46.698782,-0.8886,WOAH (former OIE),Confirmed,Domestic,Duck,26/02/2022,07/03/2022,,
315176,Influenza - Avian,H5N1 HPAI,Europe,Western Europe,France,Pays-de-la-Loire,vendrennes,46.831022,-1.149111,WOAH (former OIE),Confirmed,Domestic,Duck,26/02/2022,07/03/2022,,
315178,Influenza - Avian,H5N1 HPAI,Europe,Western Europe,France,Pays-de-la-Loire,saint-denis-la-chevasse,46.828252,-1.377723,WOAH (former OIE),Confirmed,Domestic,Duck,26/02/2022,07/03/2022,,
315184,Influenza - Avian,H5N1 HPAI,Europe,Western Europe,France,Poitou-Charentes,boissiere-en-gatine,46.545413,-0.392242,WOAH (former OIE),Confirmed,Domestic,Duck,26/02/2022,07/03/2022,,
315188,Influenza - Avian,H5N1 HPAI,Europe,Western Europe,France,Pays-de-la-Loire,oldvine,46.963206,-1.456251,WOAH (former OIE),Confirmed,Domestic,Duck,26/02/2022,07/03/2022,,
315156,Influenza - Avian,H5N1 HPAI,Europe,Western Europe,France,Pays-de-la-Loire,lucs-sur-boulogne,46.845138,-1.540841,WOAH (former OIE),Confirmed,Domestic,Duck,25/02/2022,07/03/2022,,
315173,Influenza - Avian,H5N1 HPAI,Europe,Western Europe,France,Pays-de-la-Loire,SAINT-FULGENT,46.86019,-1.198666,WOAH (former OIE),Confirmed,Domestic,Duck,25/02/2022,07/03/2022,,
315177,Influenza - Avian,H5N1 HPAI,Europe,Western Europe,France,Pays-de-la-Loire,ROCHESERVIERE,46.929919,-1.487183,WOAH (former OIE),Confirmed,Domestic,Duck,25/02/2022,07/03/2022,,
315684,Influenza - Avian,H5N1 HPAI,Europe,Western Europe,France,Midi-Pyrenees,AUJAN-MOURNEDE,43.383713,0.504986,WOAH (former OIE),Confirmed,Domestic,Duck,23/02/2022,14/03/2022,,
315160,Influenza - Avian,H5N1 HPAI,Europe,Western Europe,France,Midi-Pyrenees,LUBRET-SAINT-LUC,43.322081,0.314414,WOAH (former OIE),Confirmed,Domestic,Duck,22/02/2022,07/03/2022,,
315161,Influenza - Avian,H5N1 HPAI,Europe,Western Europe,France,Midi-Pyrenees,LUBY-BETMONT,43.297436,0.307864,WOAH (former OIE),Confirmed,Domestic,Duck,22/02/2022,07/03/2022,,
313626,Influenza - Avian,H5N1 HPAI,Europe,Western Europe,France,Aquitaine,GABAT,43.393147,-1.013451,WOAH (former OIE),Confirmed,Domestic,Duck,10/02/2022,15/02/2022,,
313627,Influenza - Avian,H5N1 HPAI,Europe,Western Europe,France,Pays-de-la-Loire,MACHE,46.781451,-1.71264,WOAH (former OIE),Confirmed,Domestic,Duck,09/02/2022,15/02/2022,,
313628,Influenza - Avian,H5N1 HPAI,Europe,Western Europe,France,Aquitaine,SAINT-CRICQ-VILLENEUVE,43.886155,-0.352133,WOAH (former OIE),Confirmed,Domestic,Duck,07/02/2022,15/02/2022,,
313576,Influenza - Avian,H5N1 HPAI,Europe,Western Europe,France,Aquitaine,SEVIGNACQ,43.451379,-0.274507,WOAH (former OIE),Confirmed,Domestic,Duck,01/02/2022,15/02/2022,,
313610,Influenza - Avian,H5N1 HPAI,Europe,Western Europe,France,Aquitaine,BAIGTS-DE-BEARN,43.535375,-0.839699,WOAH (former OIE),Confirmed,Domestic,Duck,01/02/2022,15/02/2022,,
313611,Influenza - Avian,H5N1 HPAI,Europe,Western Europe,France,Midi-Pyrenees,MANCIET,43.831199,0.036111,WOAH (former OIE),Confirmed,Domestic,Duck,01/02/2022,15/02/2022,,
313614,Influenza - Avian,H5N1 HPAI,Europe,Western Europe,France,Aquitaine,VIELLE-SOUBIRAN,44.065693,-0.163058,WOAH (former OIE),Confirmed,Domestic,Chicken,01/02/2022,15/02/2022,,
313630,Influenza - Avian,H5N1 HPAI,Europe,Western Europe,France,Aquitaine,BENQUET,43.792581,-0.508444,WOAH (former OIE),Confirmed,Domestic,Chicken,01/02/2022,15/02/2022,,
313601,Influenza - Avian,H5N1 HPAI,Europe,Western Europe,France,Aquitaine,AMOU,43.60338,-0.77802,WOAH (former OIE),Confirmed,Domestic,Chicken,31/01/2022,15/02/2022,,
313615,Influenza - Avian,H5N1 HPAI,Europe,Western Europe,France,Aquitaine,GABASTON,43.375043,-0.221436,WOAH (former OIE),Confirmed,Domestic,Duck,31/01/2022,15/02/2022,,
313616,Influenza - Avian,H5N1 HPAI,Europe,Western Europe,France,Aquitaine,LOURQUEN,43.727458,-0.781418,WOAH (former OIE),Confirmed,Domestic,Chicken,31/01/2022,15/02/2022,,
313617,Influenza - Avian,H5N1 HPAI,Europe,Western Europe,France,Aquitaine,PERQUIE,43.885962,-0.273873,WOAH (former OIE),Confirmed,Domestic,Duck,31/01/2022,15/02/2022,,
313569,Influenza - Avian,H5N1 HPAI,Europe,Western Europe,France,Aquitaine,LASCLAVERIES,43.427773,-0.289005,WOAH (former OIE),Confirmed,Domestic,Duck,30/01/2022,15/02/2022,,
313592,Influenza - Avian,H5N1 HPAI,Europe,Western Europe,France,Aquitaine,AUGA,43.471655,-0.369209,WOAH (former OIE),Confirmed,Domestic,Duck,30/01/2022,15/02/2022,,
313570,Influenza - Avian,H5N1 HPAI,Europe,Western Europe,France,Aquitaine,CAZALIS,43.630767,-0.663599,WOAH (former OIE),Confirmed,Domestic,Duck,29/01/2022,15/02/2022,,
313594,Influenza - Avian,H5N1 HPAI,Europe,Western Europe,France,Aquitaine,ATHOS-ASPIS,43.413096,-0.965794,WOAH (former OIE),Confirmed,Domestic,Duck,29/01/2022,15/02/2022,,
313595,Influenza - Avian,H5N1 HPAI,Europe,Western Europe,France,Aquitaine,SAINT-GIRONS-EN-BEARN,43.55422,-0.82956,WOAH (former OIE),Confirmed,Domestic,Duck,29/01/2022,15/02/2022,,
313603,Influenza - Avian,H5N1 HPAI,Europe,Western Europe,France,Aquitaine,CASSEN,43.760245,-0.880938,WOAH (former OIE),Confirmed,Domestic,Duck,29/01/2022,15/02/2022,,
313604,Influenza - Avian,H5N1 HPAI,Europe,Western Europe,France,Aquitaine,LAHOSSE,43.717479,-0.79052,WOAH (former OIE),Confirmed,Domestic,Duck,29/01/2022,15/02/2022,,
313605,Influenza - Avian,H5N1 HPAI,Europe,Western Europe,France,Aquitaine,MIMBASTE,43.646975,-0.94108,WOAH (former OIE),Confirmed,Domestic,Duck,29/01/2022,15/02/2022,,
313607,Influenza - Avian,H5N1 HPAI,Europe,Western Europe,France,Aquitaine,VIGNAU,43.770615,-0.298532,WOAH (former OIE),Confirmed,Domestic,Duck,29/01/2022,15/02/2022,,
313619,Influenza - Avian,H5N1 HPAI,Europe,Western Europe,France,Aquitaine,TOULOUZETTE,43.756134,-0.680267,WOAH (former OIE),Confirmed,Domestic,Duck,29/01/2022,15/02/2022,,
313571,Influenza - Avian,H5N1 HPAI,Europe,Western Europe,France,Aquitaine,RIVEHAUTE,43.349843,-0.869897,WOAH (former OIE),Confirmed,Domestic,Duck,28/01/2022,15/02/2022,,
313574,Influenza - Avian,H5N1 HPAI,Europe,Western Europe,France,Aquitaine,CASTEIDE-CANDAU,43.523551,-0.554303,WOAH (former OIE),Confirmed,Domestic,Duck,28/01/2022,15/02/2022,,
313585,Influenza - Avian,H5N1 HPAI,Europe,Western Europe,France,Aquitaine,ARBOUCAVE,43.606634,-0.435226,WOAH (former OIE),Confirmed,Domestic,Chicken,28/01/2022,15/02/2022,,
313593,Influenza - Avian,H5N1 HPAI,Europe,Western Europe,France,Aquitaine,TILH,43.594954,-0.836768,WOAH (former OIE),Confirmed,Domestic,Duck,28/01/2022,15/02/2022,,
313596,Influenza - Avian,H5N1 HPAI,Europe,Western Europe,France,Aquitaine,SAINT-BOES,43.53171,-0.806624,WOAH (former OIE),Confirmed,Domestic,Duck,28/01/2022,15/02/2022,,
313597,Influenza - Avian,H5N1 HPAI,Europe,Western Europe,France,Aquitaine,ATHOS-ASPIS,43.408141,-0.97403,WOAH (former OIE),Confirmed,Domestic,Duck,28/01/2022,15/02/2022,,
313600,Influenza - Avian,H5N1 HPAI,Europe,Western Europe,France,Aquitaine,MUGRON,43.743141,-0.762487,WOAH (former OIE),Confirmed,Domestic,Duck,28/01/2022,15/02/2022,,
313608,Influenza - Avian,H5N1 HPAI,Europe,Western Europe,France,Aquitaine,LOURQUEN,43.730637,-0.784706,WOAH (former OIE),Confirmed,Domestic,Duck,28/01/2022,15/02/2022,,
313609,Influenza - Avian,H5N1 HPAI,Europe,Western Europe,France,Aquitaine,SOUPROSSE,43.762204,-0.725026,WOAH (former OIE),Confirmed,Domestic,Duck,28/01/2022,15/02/2022,,
313618,Influenza - Avian,H5N1 HPAI,Europe,Western Europe,France,Aquitaine,AIRE-SUR-L'ADOUR,43.67906,-0.295481,WOAH (former OIE),Confirmed,Domestic,Chicken,28/01/2022,15/02/2022,,
313659,Influenza - Avian,H5N1 HPAI,Europe,Western Europe,France,Aquitaine,PAYROS-CAZAUTETS,43.624463,-0.389132,WOAH (former OIE),Confirmed,Domestic,Duck,28/01/2022,15/02/2022,,
313661,Influenza - Avian,H5N1 HPAI,Europe,Western Europe,France,Aquitaine,BATS,43.663788,-0.457087,WOAH (former OIE),Confirmed,Domestic,Duck,28/01/2022,15/02/2022,,
313662,Influenza - Avian,H5N1 HPAI,Europe,Western Europe,France,Aquitaine,BATS,43.637127,-0.452853,WOAH (former OIE),Confirmed,Domestic,Duck,28/01/2022,15/02/2022,,
313572,Influenza - Avian,H5N1 HPAI,Europe,Western Europe,France,Aquitaine,POYARTIN,43.680208,-0.832857,WOAH (former OIE),Confirmed,Domestic,Duck,27/01/2022,15/02/2022,,
313573,Influenza - Avian,H5N1 HPAI,Europe,Western Europe,France,Aquitaine,ANDREIN,43.402084,-0.888675,WOAH (former OIE),Confirmed,Domestic,Duck,27/01/2022,15/02/2022,,
313598,Influenza - Avian,H5N1 HPAI,Europe,Western Europe,France,Aquitaine,DOAZIT,43.708304,-0.664819,WOAH (former OIE),Confirmed,Domestic,Chicken,27/01/2022,15/02/2022,,
313599,Influenza - Avian,H5N1 HPAI,Europe,Western Europe,France,Aquitaine,DOAZIT,43.701048,-0.65572,WOAH (former OIE),Confirmed,Domestic,Duck,27/01/2022,15/02/2022,,
313602,Influenza - Avian,H5N1 HPAI,Europe,Western Europe,France,Aquitaine,SAINT-AUBIN,43.724305,-0.747376,WOAH (former OIE),Confirmed,Domestic,Duck,27/01/2022,15/02/2022,,
313606,Influenza - Avian,H5N1 HPAI,Europe,Western Europe,France,Aquitaine,TOULOUZETTE,43.760588,-0.661294,WOAH (former OIE),Confirmed,Domestic,Duck,27/01/2022,15/02/2022,,
313629,Influenza - Avian,H5N1 HPAI,Europe,Western Europe,France,Aquitaine,TOULOUZETTE,43.755851,-0.655165,WOAH (former OIE),Confirmed,Domestic,Duck,27/01/2022,15/02/2022,,
313651,Influenza - Avian,H5N1 HPAI,Europe,Western Europe,France,Aquitaine,ESCOS,43.436497,-1.004515,WOAH (former OIE),Confirmed,Domestic,Duck,27/01/2022,15/02/2022,,
313582,Influenza - Avian,H5N1 HPAI,Europe,Western Europe,France,Midi-Pyrenees,SEGOS,43.642224,-0.279469,WOAH (former OIE),Confirmed,Domestic,Duck,26/01/2022,15/02/2022,,
313650,Influenza - Avian,H5N1 HPAI,Europe,Western Europe,France,Midi-Pyrenees,MAULEON-D'ARMAGNAC,43.901969,-0.139963,WOAH (former OIE),Confirmed,Domestic,Duck,26/01/2022,15/02/2022,,
313652,Influenza - Avian,H5N1 HPAI,Europe,Western Europe,France,Aquitaine,VIELLE-SOUBIRAN,44.066926,-0.156245,WOAH (former OIE),Confirmed,Domestic,Duck,26/01/2022,15/02/2022,,
313653,Influenza - Avian,H5N1 HPAI,Europe,Western Europe,France,Aquitaine,SAUVETERRE-DE-BEARN,43.396532,-0.951611,WOAH (former OIE),Confirmed,Domestic,Duck,26/01/2022,15/02/2022,,
313655,Influenza - Avian,H5N1 HPAI,Europe,Western Europe,France,Aquitaine,LOHITZUN-OYHERCQ,43.253269,-0.977282,WOAH (former OIE),Confirmed,Domestic,Duck,26/01/2022,15/02/2022,,
313657,Influenza - Avian,H5N1 HPAI,Europe,Western Europe,France,Aquitaine,CASTANDET,43.792535,-0.346255,WOAH (former OIE),Confirmed,Domestic,Duck,26/01/2022,15/02/2022,,
324604,Influenza - Avian,H5N1 HPAI,Europe,Western Europe,France,Aquitaine,ARBOUCAVE,43.614555,-0.42365,WOAH (former OIE),Confirmed,Domestic,Duck,26/01/2022,12/06/2022,,
313583,Influenza - Avian,H5N1 HPAI,Europe,Western Europe,France,Aquitaine,SAINT-LOUBOUER,43.680884,-0.429923,WOAH (former OIE),Confirmed,Domestic,Duck,25/01/2022,15/02/2022,,
313584,Influenza - Avian,H5N1 HPAI,Europe,Western Europe,France,Aquitaine,URGONS,43.649927,-0.435916,WOAH (former OIE),Confirmed,Domestic,Duck,25/01/2022,15/02/2022,,
313654,Influenza - Avian,H5N1 HPAI,Europe,Western Europe,France,Aquitaine,SAINT-SEVER,43.778621,-0.520216,WOAH (former OIE),Confirmed,Domestic,Chicken,25/01/2022,15/02/2022,,
313658,Influenza - Avian,H5N1 HPAI,Europe,Western Europe,France,Aquitaine,HABAS,43.576488,-0.932889,WOAH (former OIE),Confirmed,Domestic,Duck,25/01/2022,15/02/2022,,
313577,Influenza - Avian,H5N1 HPAI,Europe,Western Europe,France,Aquitaine,SAINT-AGNET,43.618289,-0.280582,WOAH (former OIE),Confirmed,Domestic,Chicken,24/01/2022,15/02/2022,,
313578,Influenza - Avian,H5N1 HPAI,Europe,Western Europe,France,Aquitaine,VIGNAU,43.790714,-0.284258,WOAH (former OIE),Confirmed,Domestic,Duck,24/01/2022,15/02/2022,,
313580,Influenza - Avian,H5N1 HPAI,Europe,Western Europe,France,Aquitaine,PECORADE,43.650764,-0.366375,WOAH (former OIE),Confirmed,Domestic,Duck,24/01/2022,15/02/2022,,
313581,Influenza - Avian,H5N1 HPAI,Europe,Western Europe,France,Aquitaine,PIMBO,43.585423,-0.380167,WOAH (former OIE),Confirmed,Domestic,Duck,24/01/2022,15/02/2022,,
313634,Influenza - Avian,H5N1 HPAI,Europe,Western Europe,France,Aquitaine,AMOU,43.577619,-0.734199,WOAH (former OIE),Confirmed,Domestic,Duck,24/01/2022,15/02/2022,,
313635,Influenza - Avian,H5N1 HPAI,Europe,Western Europe,France,Pays-de-la-Loire,SAINT-CHRISTOPHE-DU-LIGNERON,46.808996,-1.783903,WOAH (former OIE),Confirmed,Domestic,Duck,24/01/2022,15/02/2022,,
313637,Influenza - Avian,H5N1 HPAI,Europe,Western Europe,France,Aquitaine,POMAREZ,43.614228,-0.82245,WOAH (former OIE),Confirmed,Domestic,Duck,24/01/2022,15/02/2022,,
313638,Influenza - Avian,H5N1 HPAI,Europe,Western Europe,France,Midi-Pyrenees,IZOTGES,43.653673,-0.01264,WOAH (former OIE),Confirmed,Domestic,Duck,24/01/2022,15/02/2022,,
313644,Influenza - Avian,H5N1 HPAI,Europe,Western Europe,France,Aquitaine,SAINT-YAGUEN,43.875505,-0.763432,WOAH (former OIE),Confirmed,Domestic,Duck,24/01/2022,15/02/2022,,
313645,Influenza - Avian,H5N1 HPAI,Europe,Western Europe,France,Aquitaine,MONTAUT,43.732411,-0.653515,WOAH (former OIE),Confirmed,Domestic,Duck,24/01/2022,15/02/2022,,
313646,Influenza - Avian,H5N1 HPAI,Europe,Western Europe,France,Aquitaine,SAINT-GEIN,43.827699,-0.314347,WOAH (former OIE),Confirmed,Domestic,Chicken,24/01/2022,15/02/2022,,
313647,Influenza - Avian,H5N1 HPAI,Europe,Western Europe,France,Aquitaine,POMAREZ,43.615878,-0.814678,WOAH (former OIE),Confirmed,Domestic,Duck,24/01/2022,15/02/2022,,
313648,Influenza - Avian,H5N1 HPAI,Europe,Western Europe,France,Aquitaine,HAUT-MAUCO,43.815352,-0.562908,WOAH (former OIE),Confirmed,Domestic,Duck,24/01/2022,15/02/2022,,
313649,Influenza - Avian,H5N1 HPAI,Europe,Western Europe,France,Aquitaine,ANDREIN,43.396095,-0.896136,WOAH (former OIE),Confirmed,Domestic,Duck,24/01/2022,15/02/2022,,
313656,Influenza - Avian,H5N1 HPAI,Europe,Western Europe,France,Aquitaine,PONTACQ,43.19032,-0.098105,WOAH (former OIE),Confirmed,Domestic,Duck,24/01/2022,15/02/2022,,
313663,Influenza - Avian,H5N1 HPAI,Europe,Western Europe,France,Aquitaine,ANDREIN,43.395039,-0.902453,WOAH (former OIE),Confirmed,Domestic,Duck,24/01/2022,15/02/2022,,
313640,Influenza - Avian,H5N1 HPAI,Europe,Western Europe,France,Aquitaine,CLERMONT,43.655296,-0.897965,WOAH (former OIE),Confirmed,Domestic,Duck,23/01/2022,15/02/2022,,
313579,Influenza - Avian,H5N1 HPAI,Europe,Western Europe,France,Aquitaine,SORBETS,43.628134,-0.331675,WOAH (former OIE),Confirmed,Domestic,Duck,21/01/2022,15/02/2022,,
313636,Influenza - Avian,H5N1 HPAI,Europe,Western Europe,France,Aquitaine,DOAZIT,43.702984,-0.629671,WOAH (former OIE),Confirmed,Domestic,Duck,21/01/2022,15/02/2022,,
313641,Influenza - Avian,H5N1 HPAI,Europe,Western Europe,France,Aquitaine,LATRILLE,43.62216,-0.287548,WOAH (former OIE),Confirmed,Domestic,Chicken,21/01/2022,15/02/2022,,
313642,Influenza - Avian,H5N1 HPAI,Europe,Western Europe,France,Aquitaine,MISSON,43.575819,-0.975733,WOAH (former OIE),Confirmed,Domestic,Duck,21/01/2022,15/02/2022,,
313643,Influenza - Avian,H5N1 HPAI,Europe,Western Europe,France,Aquitaine,SALIES-DE-BEARN,43.480394,-0.953518,WOAH (former OIE),Confirmed,Domestic,Duck,21/01/2022,15/02/2022,,
324639,Influenza - Avian,H5N1 HPAI,Europe,Western Europe,France,Aquitaine,TOULOUZETTE,43.748758,-0.698979,WOAH (former OIE),Confirmed,Domestic,Duck,21/01/2022,12/06/2022,,
313632,Influenza - Avian,H5N1 HPAI,Europe,Western Europe,France,Midi-Pyrenees,HOUGA,43.755612,-0.19678,WOAH (former OIE),Confirmed,Domestic,Duck,20/01/2022,15/02/2022,,
313633,Influenza - Avian,H5N1 HPAI,Europe,Western Europe,France,Aquitaine,BONNEGARDE,43.567619,-0.719405,WOAH (former OIE),Confirmed,Domestic,Duck,20/01/2022,15/02/2022,,
313566,Influenza - Avian,H5N1 HPAI,Europe,Western Europe,France,Aquitaine,CLERMONT,43.655139,-0.897953,WOAH (former OIE),Confirmed,Domestic,Duck,18/01/2022,15/02/2022,,
313590,Influenza - Avian,H5N1 HPAI,Europe,Western Europe,France,Midi-Pyrenees,CASTELNAU D'AUZAN LABARRERE,43.989922,0.136631,WOAH (former OIE),Confirmed,Domestic,Duck,18/01/2022,15/02/2022,,
313620,Influenza - Avian,H5N1 HPAI,Europe,Western Europe,France,Midi-Pyrenees,RISCLE,43.64884,-0.067018,WOAH (former OIE),Confirmed,Domestic,Duck,18/01/2022,15/02/2022,,
313639,Influenza - Avian,H5N1 HPAI,Europe,Western Europe,France,Midi-Pyrenees,LAGRAULET-DU-GERS,43.8801,0.202258,WOAH (former OIE),Confirmed,Domestic,Duck,18/01/2022,15/02/2022,,
313589,Influenza - Avian,H5N1 HPAI,Europe,Western Europe,France,Aquitaine,MONTFORT-EN-CHALOSSE,43.709263,-0.849199,WOAH (former OIE),Confirmed,Domestic,Duck,17/01/2022,15/02/2022,,
313591,Influenza - Avian,H5N1 HPAI,Europe,Western Europe,France,Aquitaine,LOHITZUN-OYHERCQ,43.255846,-0.980484,WOAH (former OIE),Confirmed,Domestic,Duck,17/01/2022,15/02/2022,,
313621,Influenza - Avian,H5N1 HPAI,Europe,Western Europe,France,Midi-Pyrenees,CERAN,43.82303,0.691379,WOAH (former OIE),Confirmed,Domestic,Duck,17/01/2022,15/02/2022,,
313622,Influenza - Avian,H5N1 HPAI,Europe,Western Europe,France,Midi-Pyrenees,TERMES-D'ARMAGNAC,43.683631,-0.029964,WOAH (former OIE),Confirmed,Domestic,Duck,17/01/2022,15/02/2022,,
313623,Influenza - Avian,H5N1 HPAI,Europe,Western Europe,France,Midi-Pyrenees,FLEURANCE,43.834231,0.679646,WOAH (former OIE),Confirmed,Domestic,Duck,17/01/2022,15/02/2022,,
313631,Influenza - Avian,H5N1 HPAI,Europe,Western Europe,France,Midi-Pyrenees,OSSUN,43.184616,-0.063737,WOAH (former OIE),Confirmed,Domestic,Duck,17/01/2022,15/02/2022,,
324614,Influenza - Avian,H5N1 HPAI,Europe,Western Europe,France,Aquitaine,SOUPROSSE,43.775613,-0.720575,WOAH (former OIE),Confirmed,Domestic,Duck,16/01/2022,12/06/2022,,
313625,Influenza - Avian,H5N1 HPAI,Europe,Western Europe,France,Midi-Pyrenees,GEE-RIVIERE,43.678582,-0.192852,WOAH (former OIE),Confirmed,Domestic,Duck,14/01/2022,15/02/2022,,
313567,Influenza - Avian,H5N1 HPAI,Europe,Western Europe,France,Midi-Pyrenees,SAINT-MARTIN-D'ARMAGNAC,43.706802,-0.036399,WOAH (former OIE),Confirmed,Domestic,Chicken,12/01/2022,15/02/2022,,
324636,Influenza - Avian,H5N1 HPAI,Europe,Western Europe,France,Aquitaine,MIRAMONT-SENSACQ,43.615928,-0.310331,WOAH (former OIE),Confirmed,Domestic,Chicken,12/01/2022,13/06/2022,,
311213,Influenza - Avian,H5N1 HPAI,Europe,Western Europe,France,Aquitaine,LICHOS,43.309115,-0.882816,WOAH (former OIE),Confirmed,Domestic,Duck,11/01/2022,13/01/2022,,
311218,Influenza - Avian,H5N1 HPAI,Europe,Western Europe,France,Aquitaine,ARBOUCAVE,43.614285,-0.436906,WOAH (former OIE),Confirmed,Domestic,Duck,11/01/2022,13/01/2022,,
311221,Influenza - Avian,H5N1 HPAI,Europe,Western Europe,France,Nord-Pas-de-Calais,WINNEZEELE,50.856444,2.561795,WOAH (former OIE),Confirmed,Domestic,Turkey,11/01/2022,13/01/2022,,
311241,Influenza - Avian,H5N1 HPAI,Europe,Western Europe,France,Aquitaine,SAINT-CRICQ-CHALOSSE,43.645164,-0.675023,WOAH (former OIE),Confirmed,Domestic,Duck,11/01/2022,13/01/2022,,
311244,Influenza - Avian,H5N1 HPAI,Europe,Western Europe,France,Aquitaine,buanes,43.722921,-0.411845,WOAH (former OIE),Confirmed,Domestic,Duck,11/01/2022,13/01/2022,,
311245,Influenza - Avian,H5N1 HPAI,Europe,Western Europe,France,Aquitaine,HAGETMAU,43.65966,-0.566072,WOAH (former OIE),Confirmed,Domestic,Chicken,11/01/2022,13/01/2022,,
311249,Influenza - Avian,H5N1 HPAI,Europe,Western Europe,France,Aquitaine,MAYLIS,43.687691,-0.71245,WOAH (former OIE),Confirmed,Domestic,Duck,11/01/2022,13/01/2022,,
311250,Influenza - Avian,H5N1 HPAI,Europe,Western Europe,France,Aquitaine,CAUPENNE,43.675546,-0.761211,WOAH (former OIE),Confirmed,Domestic,Duck,11/01/2022,13/01/2022,,
311255,Influenza - Avian,H5N1 HPAI,Europe,Western Europe,France,Aquitaine,MONSEGUR,43.603698,-0.550432,WOAH (former OIE),Confirmed,Domestic,Duck,11/01/2022,13/01/2022,,
311209,Influenza - Avian,H5N1 HPAI,Europe,Western Europe,France,Aquitaine,ORTHEZ,43.504969,-0.750521,WOAH (former OIE),Confirmed,Domestic,Duck,10/01/2022,13/01/2022,,
311210,Influenza - Avian,H5N1 HPAI,Europe,Western Europe,France,Aquitaine,ARGET,43.549047,-0.524826,WOAH (former OIE),Confirmed,Domestic,Duck,10/01/2022,13/01/2022,,
311212,Influenza - Avian,H5N1 HPAI,Europe,Western Europe,France,Aquitaine,HAGETMAU,43.662962,-0.583195,WOAH (former OIE),Confirmed,Domestic,Duck,10/01/2022,13/01/2022,,
311220,Influenza - Avian,H5N1 HPAI,Europe,Western Europe,France,Aquitaine,saint-agnet,43.611844,-0.261326,WOAH (former OIE),Confirmed,Domestic,Duck,10/01/2022,13/01/2022,,
311222,Influenza - Avian,H5N1 HPAI,Europe,Western Europe,France,Aquitaine,SAMADET,43.627203,-0.468769,WOAH (former OIE),Confirmed,Domestic,Duck,10/01/2022,13/01/2022,,
311224,Influenza - Avian,H5N1 HPAI,Europe,Western Europe,France,Aquitaine,BASSERCLES,43.560895,-0.598469,WOAH (former OIE),Confirmed,Domestic,Duck,10/01/2022,13/01/2022,,
311248,Influenza - Avian,H5N1 HPAI,Europe,Western Europe,France,Midi-Pyrenees,vidouze,43.434339,-0.046248,WOAH (former OIE),Confirmed,Domestic,Duck,10/01/2022,13/01/2022,,
311251,Influenza - Avian,H5N1 HPAI,Europe,Western Europe,France,Aquitaine,kinks,43.680376,-0.495855,WOAH (former OIE),Confirmed,Domestic,Chicken,10/01/2022,13/01/2022,,
311252,Influenza - Avian,H5N1 HPAI,Europe,Western Europe,France,Aquitaine,bahus-soubiran,43.663401,-0.336422,WOAH (former OIE),Confirmed,Domestic,Duck,10/01/2022,13/01/2022,,
311253,Influenza - Avian,H5N1 HPAI,Europe,Western Europe,France,Aquitaine,BAIGTS,43.674709,-0.801317,WOAH (former OIE),Confirmed,Domestic,Duck,10/01/2022,13/01/2022,,
311257,Influenza - Avian,H5N1 HPAI,Europe,Western Europe,France,Midi-Pyrenees,CASTILLON-DEBATS,43.741037,0.200144,WOAH (former OIE),Confirmed,Domestic,Duck,10/01/2022,13/01/2022,,
311258,Influenza - Avian,H5N1 HPAI,Europe,Western Europe,France,Midi-Pyrenees,LUPPE-VIOLLES,43.736903,-0.155138,WOAH (former OIE),Confirmed,Domestic,Duck,10/01/2022,13/01/2022,,
313564,Influenza - Avian,H5N1 HPAI,Europe,Western Europe,France,Aquitaine,BORDERES-ET-LAMENSANS,43.783635,-0.36692,WOAH (former OIE),Confirmed,Domestic,Duck,10/01/2022,15/02/2022,,
313568,Influenza - Avian,H5N1 HPAI,Europe,Western Europe,France,Aquitaine,BEYLONGUE,43.896226,-0.799665,WOAH (former OIE),Confirmed,Domestic,Duck,10/01/2022,15/02/2022,,
313613,Influenza - Avian,H5N1 HPAI,Europe,Western Europe,France,Aquitaine,LAURET,43.566585,-0.344455,WOAH (former OIE),Confirmed,Domestic,Duck,10/01/2022,15/02/2022,,
311225,Influenza - Avian,H5N1 HPAI,Europe,Western Europe,France,Aquitaine,CAZALIS,43.620455,-0.675099,WOAH (former OIE),Confirmed,Domestic,Duck,09/01/2022,13/01/2022,,
311227,Influenza - Avian,H5N1 HPAI,Europe,Western Europe,France,Aquitaine,SAMADET,43.645785,-0.517215,WOAH (former OIE),Confirmed,Domestic,Duck,09/01/2022,13/01/2022,,
311247,Influenza - Avian,H5N1 HPAI,Europe,Western Europe,France,Aquitaine,SAMADET,43.642693,-0.486863,WOAH (former OIE),Confirmed,Domestic,Duck,09/01/2022,13/01/2022,,
311259,Influenza - Avian,H5N1 HPAI,Europe,Western Europe,France,Midi-Pyrenees,barcelonne-du-gers,43.686036,-0.203236,WOAH (former OIE),Confirmed,Domestic,Duck,09/01/2022,13/01/2022,,
311260,Influenza - Avian,H5N1 HPAI,Europe,Western Europe,France,Aquitaine,VERDETS,43.220991,-0.645,WOAH (former OIE),Confirmed,Domestic,Duck,09/01/2022,13/01/2022,,
311264,Influenza - Avian,H5N1 HPAI,Europe,Western Europe,France,Aquitaine,SALLESPISSE,43.52128,-0.695612,WOAH (former OIE),Confirmed,Domestic,Duck,09/01/2022,13/01/2022,,
324637,Influenza - Avian,H5N1 HPAI,Europe,Western Europe,France,Aquitaine,LARRIVIERE-SAINT-SAVIN,43.752256,-0.435939,WOAH (former OIE),Confirmed,Domestic,Duck,09/01/2022,12/06/2022,,
311226,Influenza - Avian,H5N1 HPAI,Europe,Western Europe,France,Aquitaine,bergouey,43.663375,-0.723022,WOAH (former OIE),Confirmed,Domestic,Duck,08/01/2022,13/01/2022,,
311233,Influenza - Avian,H5N1 HPAI,Europe,Western Europe,France,Aquitaine,vielle-tursan,43.663241,-0.472761,WOAH (former OIE),Confirmed,Domestic,Duck,08/01/2022,13/01/2022,,
311262,Influenza - Avian,H5N1 HPAI,Europe,Western Europe,France,Aquitaine,SAUCEDE,43.261607,-0.660513,WOAH (former OIE),Confirmed,Domestic,Duck,08/01/2022,13/01/2022,,
311276,Influenza - Avian,H5N1 HPAI,Europe,Western Europe,France,Aquitaine,GARLIN,43.554215,-0.283059,WOAH (former OIE),Confirmed,Domestic,Duck,08/01/2022,13/01/2022,,
311277,Influenza - Avian,H5N1 HPAI,Europe,Western Europe,France,Aquitaine,SAMADET,43.638036,-0.51358,WOAH (former OIE),Confirmed,Domestic,Chicken,08/01/2022,13/01/2022,,
311281,Influenza - Avian,H5N1 HPAI,Europe,Western Europe,France,Aquitaine,bahus-soubiran,43.684122,-0.317977,WOAH (former OIE),Confirmed,Domestic,Duck,08/01/2022,13/01/2022,,
311216,Influenza - Avian,H5N1 HPAI,Europe,Western Europe,France,Aquitaine,MALAUSSANNE,43.580389,-0.468023,WOAH (former OIE),Confirmed,Domestic,Chicken,07/01/2022,13/01/2022,,
311234,Influenza - Avian,H5N1 HPAI,Europe,Western Europe,France,Aquitaine,BONNEGARDE,43.560219,-0.705924,WOAH (former OIE),Confirmed,Domestic,Duck,07/01/2022,13/01/2022,,
311235,Influenza - Avian,H5N1 HPAI,Europe,Western Europe,France,Aquitaine,POEY-D'OLORON,43.24613,-0.660196,WOAH (former OIE),Confirmed,Domestic,Duck,07/01/2022,13/01/2022,,
311239,Influenza - Avian,H5N1 HPAI,Europe,Western Europe,France,Midi-Pyrenees,LOUBAJAC,43.145096,-0.076328,WOAH (former OIE),Confirmed,Domestic,Duck,07/01/2022,13/01/2022,,
311240,Influenza - Avian,H5N1 HPAI,Europe,Western Europe,France,Aquitaine,SAMADET,43.6502,-0.519958,WOAH (former OIE),Confirmed,Domestic,Duck,07/01/2022,13/01/2022,,
311243,Influenza - Avian,H5N1 HPAI,Europe,Western Europe,France,Aquitaine,clairac,44.392587,0.37236,WOAH (former OIE),Confirmed,Domestic,Duck,07/01/2022,13/01/2022,,
311271,Influenza - Avian,H5N1 HPAI,Europe,Western Europe,France,Aquitaine,miramont-sensacq,43.61188,-0.321057,WOAH (former OIE),Confirmed,Domestic,Duck,07/01/2022,13/01/2022,,
311273,Influenza - Avian,H5N1 HPAI,Europe,Western Europe,France,Aquitaine,SAMADET,43.62288,-0.491072,WOAH (former OIE),Confirmed,Domestic,Duck,07/01/2022,13/01/2022,,
311275,Influenza - Avian,H5N1 HPAI,Europe,Western Europe,France,Aquitaine,CASTETPUGON,43.574078,-0.203936,WOAH (former OIE),Confirmed,Domestic,Duck,07/01/2022,13/01/2022,,
311278,Influenza - Avian,H5N1 HPAI,Europe,Western Europe,France,Aquitaine,SAMADET,43.633506,-0.493856,WOAH (former OIE),Confirmed,Domestic,Duck,07/01/2022,13/01/2022,,
311279,Influenza - Avian,H5N1 HPAI,Europe,Western Europe,France,Aquitaine,CLASSUN,43.712775,-0.402087,WOAH (former OIE),Confirmed,Domestic,Duck,07/01/2022,13/01/2022,,
311280,Influenza - Avian,H5N1 HPAI,Europe,Western Europe,France,Pays-de-la-Loire,saint-hilaire-des-loges,46.508017,-0.64826,WOAH (former OIE),Confirmed,Domestic,Duck,07/01/2022,13/01/2022,,
313586,Influenza - Avian,H5N1 HPAI,Europe,Western Europe,France,Aquitaine,SAINT-AGNET,43.603309,-0.263281,WOAH (former OIE),Confirmed,Domestic,Duck,07/01/2022,15/02/2022,,
313664,Influenza - Avian,H5N1 HPAI,Europe,Western Europe,France,Aquitaine,SERRES-GASTON,43.668202,-0.5178,WOAH (former OIE),Confirmed,Domestic,Duck,07/01/2022,15/02/2022,,
318374,Influenza - Avian,H5N1 HPAI,Europe,Western Europe,France,Aquitaine,SAMADET,43.631635,-0.507505,WOAH (former OIE),Confirmed,Domestic,Chicken,07/01/2022,04/04/2022,,
324615,Influenza - Avian,H5N1 HPAI,Europe,Western Europe,France,Aquitaine,AIRE-SUR-L'ADOUR,43.698359,-0.295518,WOAH (former OIE),Confirmed,Domestic,Duck,07/01/2022,12/06/2022,,
311236,Influenza - Avian,H5N1 HPAI,Europe,Western Europe,France,Aquitaine,prechacq-navarrenx,43.27489,-0.702965,WOAH (former OIE),Confirmed,Domestic,Duck,06/01/2022,13/01/2022,,
311237,Influenza - Avian,H5N1 HPAI,Europe,Western Europe,France,Aquitaine,aire-sur-l'adour,43.664689,-0.287941,WOAH (former OIE),Confirmed,Domestic,Duck,06/01/2022,13/01/2022,,
311263,Influenza - Avian,H5N1 HPAI,Europe,Western Europe,France,Aquitaine,POEY-D'OLORON,43.25256,-0.67181,WOAH (former OIE),Confirmed,Domestic,Duck,06/01/2022,13/01/2022,,
311282,Influenza - Avian,H5N1 HPAI,Europe,Western Europe,France,Aquitaine,MOMUY,43.616423,-0.629215,WOAH (former OIE),Confirmed,Domestic,Chicken,06/01/2022,13/01/2022,,
313565,Influenza - Avian,H5N1 HPAI,Europe,Western Europe,France,Aquitaine,LACAJUNTE,43.598818,-0.424809,WOAH (former OIE),Confirmed,Domestic,Chicken,06/01/2022,15/02/2022,,
313575,Influenza - Avian,H5N1 HPAI,Europe,Western Europe,France,Aquitaine,ORDIARP,43.203988,-0.939901,WOAH (former OIE),Confirmed,Domestic,Duck,06/01/2022,15/02/2022,,
313624,Influenza - Avian,H5N1 HPAI,Europe,Western Europe,France,Aquitaine,BUANES,43.725815,-0.422877,WOAH (former OIE),Confirmed,Domestic,Duck,06/01/2022,15/02/2022,,
311214,Influenza - Avian,H5N1 HPAI,Europe,Western Europe,France,Aquitaine,MORGANX,43.604571,-0.570744,WOAH (former OIE),Confirmed,Domestic,Chicken,05/01/2022,13/01/2022,,
311217,Influenza - Avian,H5N1 HPAI,Europe,Western Europe,France,Aquitaine,BENTAYOU-SEREE,43.392291,-0.063741,WOAH (former OIE),Confirmed,Domestic,Duck,05/01/2022,13/01/2022,,
311242,Influenza - Avian,H5N1 HPAI,Europe,Western Europe,France,Aquitaine,BENTAYOU-SEREE,43.391081,-0.069475,WOAH (former OIE),Confirmed,Domestic,Chicken,05/01/2022,13/01/2022,,
313587,Influenza - Avian,H5N1 HPAI,Europe,Western Europe,France,Midi-Pyrenees,BARCELONNE-DU-GERS,43.69243,-0.228727,WOAH (former OIE),Confirmed,Domestic,Duck,05/01/2022,15/02/2022,,
322843,Influenza - Avian,H5N1 HPAI,Europe,Western Europe,France,Poitou-Charentes,BRESSUIRE,46.816754,-0.459527,WOAH (former OIE),Confirmed,Domestic,Duck,05/01/2022,24/05/2022,,
324602,Influenza - Avian,H5N1 HPAI,Europe,Western Europe,France,Aquitaine,BRASSEMPOUY,43.624022,-0.692857,WOAH (former OIE),Confirmed,Domestic,Duck,05/01/2022,12/06/2022,,
311206,Influenza - Avian,H5N1 HPAI,Europe,Western Europe,France,Midi-Pyrenees,EAUZE,43.844669,0.074937,WOAH (former OIE),Confirmed,Domestic,Duck,04/01/2022,13/01/2022,,
311207,Influenza - Avian,H5N1 HPAI,Europe,Western Europe,France,Aquitaine,dognen,43.285128,-0.735624,WOAH (former OIE),Confirmed,Domestic,Duck,04/01/2022,13/01/2022,,
311208,Influenza - Avian,H5N1 HPAI,Europe,Western Europe,France,Aquitaine,MONGET,43.563564,-0.523522,WOAH (former OIE),Confirmed,Domestic,Duck,04/01/2022,13/01/2022,,
311223,Influenza - Avian,H5N1 HPAI,Europe,Western Europe,France,Aquitaine,saint-aubin,43.709312,-0.713173,WOAH (former OIE),Confirmed,Domestic,Duck,04/01/2022,13/01/2022,,
322834,Influenza - Avian,H5N1 HPAI,Europe,Western Europe,France,Pays-de-la-Loire,MAUGES-SUR-LOIRE,47.299822,-0.812069,WOAH (former OIE),Confirmed,Domestic,Turkey,04/01/2022,24/05/2022,,
310772,Influenza - Avian,H5N1 HPAI,Europe,Western Europe,France,Midi-Pyrenees,escanecrabe,43.291752,0.73745,WOAH (former OIE),Confirmed,Domestic,Chicken,02/01/2022,10/01/2022,,
311205,Influenza - Avian,H5N1 HPAI,Europe,Western Europe,France,Aquitaine,ARBOUCAVE,43.618225,-0.439642,WOAH (former OIE),Confirmed,Domestic,Duck,30/12/2021,13/01/2022,,
311256,Influenza - Avian,H5N1 HPAI,Europe,Western Europe,France,Aquitaine,GAUJACQ,43.623868,-0.731046,WOAH (former OIE),Confirmed,Domestic,Duck,30/12/2021,13/01/2022,,
310283,Influenza - Avian,H5N1 HPAI,Europe,Western Europe,France,Aquitaine,MANT,43.583353,-0.522675,WOAH (former OIE),Confirmed,Domestic,Chicken,29/12/2021,31/12/2021,,
310284,Influenza - Avian,H5N1 HPAI,Europe,Western Europe,France,Aquitaine,MANT,43.578147,-0.509264,WOAH (former OIE),Confirmed,Domestic,Chicken,29/12/2021,31/12/2021,,
310286,Influenza - Avian,H5N1 HPAI,Europe,Western Europe,France,Aquitaine,MANT,43.593548,-0.524582,WOAH (former OIE),Confirmed,Domestic,Chicken,29/12/2021,31/12/2021,,
310281,Influenza - Avian,H5N1 HPAI,Europe,Western Europe,France,Aquitaine,MANT,43.593331,-0.517458,WOAH (former OIE),Confirmed,Domestic,Chicken,27/12/2021,31/12/2021,,
310282,Influenza - Avian,H5N1 HPAI,Europe,Western Europe,France,Aquitaine,PEYRE,43.566028,-0.56013,WOAH (former OIE),Confirmed,Domestic,Duck,27/12/2021,31/12/2021,,
310197,Influenza - Avian,H5N1 HPAI,Europe,Western Europe,France,Aquitaine,MANT,43.586839,-0.525382,WOAH (former OIE),Confirmed,Domestic,Duck,25/12/2021,29/12/2021,,
310198,Influenza - Avian,H5N1 HPAI,Europe,Western Europe,France,Aquitaine,MANT,43.592078,-0.514105,WOAH (former OIE),Confirmed,Domestic,Duck,25/12/2021,29/12/2021,,
310200,Influenza - Avian,H5N1 HPAI,Europe,Western Europe,France,Aquitaine,CASTELNER,43.556776,-0.578007,WOAH (former OIE),Confirmed,Domestic,Duck,25/12/2021,29/12/2021,,
310203,Influenza - Avian,H5N1 HPAI,Europe,Western Europe,France,Aquitaine,MANT,43.596402,-0.511914,WOAH (former OIE),Confirmed,Domestic,Duck,25/12/2021,29/12/2021,,
311265,Influenza - Avian,H5N1 HPAI,Europe,Western Europe,France,Aquitaine,MANT,43.592078,-0.514105,WOAH (former OIE),Confirmed,Domestic,Duck,25/12/2021,13/01/2022,,
311267,Influenza - Avian,H5N1 HPAI,Europe,Western Europe,France,Aquitaine,CASTELNER,43.556776,-0.578007,WOAH (former OIE),Confirmed,Domestic,Duck,25/12/2021,13/01/2022,,
311283,Influenza - Avian,H5N1 HPAI,Europe,Western Europe,France,Aquitaine,MANT,43.596402,-0.511914,WOAH (former OIE),Confirmed,Domestic,Duck,25/12/2021,13/01/2022,,
310201,Influenza - Avian,H5N1 HPAI,Europe,Western Europe,France,Aquitaine,MANT,43.592078,-0.514105,WOAH (former OIE),Confirmed,Domestic,Duck,24/12/2021,29/12/2021,,
311229,Influenza - Avian,H5N1 HPAI,Europe,Western Europe,France,Aquitaine,saint-colombe,43.67405,-0.535403,WOAH (former OIE),Confirmed,Domestic,Duck,24/12/2021,13/01/2022,,
311268,Influenza - Avian,H5N1 HPAI,Europe,Western Europe,France,Aquitaine,MANT,43.592078,-0.514105,WOAH (former OIE),Confirmed,Domestic,Duck,24/12/2021,13/01/2022,,
310199,Influenza - Avian,H5N1 HPAI,Europe,Western Europe,France,Aquitaine,MANT,43.582689,-0.506727,WOAH (former OIE),Confirmed,Domestic,Duck,23/12/2021,29/12/2021,,
310202,Influenza - Avian,H5N1 HPAI,Europe,Western Europe,France,Aquitaine,MALAUSSANNE,43.566967,-0.484911,WOAH (former OIE),Confirmed,Domestic,Duck,23/12/2021,29/12/2021,,
311228,Influenza - Avian,H5N1 HPAI,Europe,Western Europe,France,Aquitaine,saint-agnet,43.607608,-0.279153,WOAH (former OIE),Confirmed,Domestic,Duck,23/12/2021,13/01/2022,,
311230,Influenza - Avian,H5N1 HPAI,Europe,Western Europe,France,Aquitaine,MAYLIS,43.694063,-0.705763,WOAH (former OIE),Confirmed,Domestic,Duck,23/12/2021,13/01/2022,,
311266,Influenza - Avian,H5N1 HPAI,Europe,Western Europe,France,Aquitaine,MANT,43.582689,-0.506727,WOAH (former OIE),Confirmed,Domestic,Duck,23/12/2021,13/01/2022,,
311270,Influenza - Avian,H5N1 HPAI,Europe,Western Europe,France,Aquitaine,MALAUSSANNE,43.566967,-0.484911,WOAH (former OIE),Confirmed,Domestic,Duck,23/12/2021,13/01/2022,,
311204,Influenza - Avian,H5N1 HPAI,Europe,Western Europe,France,Aquitaine,CAME,43.501351,-1.104039,WOAH (former OIE),Confirmed,Domestic,Duck,18/12/2021,13/01/2022,,
311215,Influenza - Avian,H5N1 HPAI,Europe,Western Europe,France,Aquitaine,AREN,43.257543,-0.680154,WOAH (former OIE),Confirmed,Domestic,Duck,16/12/2021,13/01/2022,,
311219,Influenza - Avian,H5N1 HPAI,Europe,Western Europe,France,Aquitaine,aire-sur-l'adour,43.726605,-0.250436,WOAH (former OIE),Confirmed,Domestic,Duck,16/12/2021,13/01/2022,,
311238,Influenza - Avian,H5N1 HPAI,Europe,Western Europe,France,Aquitaine,HASTINGUES,43.507473,-1.145527,WOAH (former OIE),Confirmed,Domestic,Duck,16/12/2021,13/01/2022,,
311246,Influenza - Avian,H5N1 HPAI,Europe,Western Europe,France,Nord-Pas-de-Calais,HERZEELE,50.879498,2.519091,WOAH (former OIE),Confirmed,Domestic,Chicken,16/12/2021,13/01/2022,,
309178,Influenza - Avian,H5N1 HPAI,Europe,Western Europe,France,Midi-Pyrenees,MANCIET,43.810164,0.083668,WOAH (former OIE),Confirmed,Domestic,Duck,14/12/2021,17/12/2021,,
311211,Influenza - Avian,H5N1 HPAI,Europe,Western Europe,France,Aquitaine,PIMBO,43.5755,-0.3771,WOAH (former OIE),Confirmed,Domestic,Chicken,12/12/2021,13/01/2022,,
309177,Influenza - Avian,H5N1 HPAI,Europe,Western Europe,France,Nord-Pas-de-Calais,WINNEZEELE,50.856444,2.561795,WOAH (former OIE),Confirmed,Domestic,Turkey,11/12/2021,17/12/2021,,
311274,Influenza - Avian,H5N1 HPAI,Europe,Western Europe,France,Nord-Pas-de-Calais,REXPOEDE,50.950039,2.523004,WOAH (former OIE),Confirmed,Domestic,Chicken,08/12/2021,13/01/2022,,
311261,Influenza - Avian,H5N1 HPAI,Europe,Western Europe,France,Nord-Pas-de-Calais,REXPOEDE,50.91962,2.568978,WOAH (former OIE),Confirmed,Domestic,Chicken,06/12/2021,13/01/2022,,
311231,Influenza - Avian,H5N1 HPAI,Europe,Western Europe,France,Aquitaine,PUYOL-CAZALET,43.609712,-0.409798,WOAH (former OIE),Confirmed,Domestic,Duck,05/12/2021,13/01/2022,,
311272,Influenza - Avian,H5N1 HPAI,Europe,Western Europe,France,Nord-Pas-de-Calais,HERZEELE,50.901218,2.523837,WOAH (former OIE),Confirmed,Domestic,Turkey,05/12/2021,13/01/2022,,
311269,Influenza - Avian,H5N1 HPAI,Europe,Western Europe,France,Nord-Pas-de-Calais,WORMHOUT,50.858531,2.488412,WOAH (former OIE),Confirmed,Domestic,Chicken,04/12/2021,13/01/2022,,
308504,Influenza - Avian,H5N1 HPAI,Europe,Western Europe,France,Nord-Pas-de-Calais,WINNEZEELE,50.851232,2.537569,WOAH (former OIE),Confirmed,Domestic,Chicken,03/12/2021,07/12/2021,,
308503,Influenza - Avian,H5N1 HPAI,Europe,Western Europe,France,Nord-Pas-de-Calais,WARHEM,50.978537,2.532873,WOAH (former OIE),Confirmed,Domestic,Chicken,21/11/2021,07/12/2021,,
308128,Influenza - Avian,H5N1 HPAI,Europe,Western Europe,France,Bretagne,LANGUIDIC,47.803519,-3.231016,WOAH (former OIE),Confirmed,Domestic,Goose,20/11/2021,03/12/2021,,
310769,Influenza - Avian,H5N1 HPAI,Europe,Western Europe,France,Bretagne,LANGUIDIC,47.803519,-3.231016,WOAH (former OIE),Confirmed,Domestic,Goose,20/11/2021,10/01/2022,,
